"scheme_name","source_sheet","unit_label","provisional_meter_key","prepaid","pq_factor","latest_reading_date","latest_reading"
"The Azores","The Azores","AZ 01A","AZ_01A","","1,2406","2026/03/03","26859"
"The Azores","The Azores","AZ 02","AZ_02","","1,2406","2026/03/03","21910"
"The Azores","The Azores","AZ 03","AZ_03","","1,2406","2026/03/03","63925"
"The Azores","The Azores","AZ 04","AZ_04","","1,2406","2026/03/03","97179"
"The Azores","The Azores","AZ 05B","AZ_05B","","1,2406","2026/03/03","60252"
"The Azores","The Azores","AZ 06A","AZ_06A","","1,2231","2026/03/03","10429"
"The Azores","The Azores","AZ 07","AZ_07","","1,2406","2026/03/03","45292"
"The Azores","The Azores","AZ 08","AZ_08","","1,2231","2026/03/03","82697"
"The Azores","The Azores","AZ 09","AZ_09","","1,2406","2026/03/03","89001"
"The Azores","The Azores","AZ 10","AZ_10","","1,2406","2026/03/03","67830"
"The Azores","The Azores","AZ 11","AZ_11","","1,2406","2026/03/03","33738"
"The Azores","The Azores","AZ 12","AZ_12","","1,2406","2026/03/03","1898"
"The Azores","The Azores","AZ 13","AZ_13","","1,2406","2026/03/03","94977"
"The Azores","The Azores","AZ 14","AZ_14","","1,2406","2026/03/03","87283"
"The Azores","The Azores","AZ 15A","AZ_15A","","1,2406","2026/03/03","41128"
"The Azores","The Azores","AZ 16A","AZ_16A","","1,2406","2026/03/03","88770"
"The Azores","The Azores","AZ 17","AZ_17","","1,2231","2026/03/03","40156"
"The Azores","The Azores","AZ 18","AZ_18","","1,2406","2026/03/03","26483"
"The Azores","The Azores","AZ 19A","AZ_19A","","1,2231","2026/03/03","90785"
"The Azores","The Azores","AZ 20","AZ_20","","1,2406","2026/03/03","39020"
"The Azores","The Azores","AZ 21","AZ_21","","1,2406","2026/03/03","54028"
"The Azores","The Azores","AZ 22","AZ_22","","1,2406","2026/03/03","40882"
"The Azores","The Azores","AZ 23","AZ_23","","1,2406","2026/03/03","41774"
"The Azores","The Azores","AZ 24","AZ_24","","1,2406","2026/03/03","47386"
"The Azores","The Azores","AZ 25","AZ_25","","1,7124","2026/03/03","25095"
"The Azores","The Azores","AZ 26A","AZ_26A","","1,6774","2026/03/03","6016"
"The Azores","The Azores","AZ 27","AZ_27","","1,2406","2026/03/03","71161"
"The Azores","The Azores","AZ 28","AZ_28","","1,2406","2026/03/03","14611"
"The Azores","The Azores","AZ 29A","AZ_29A","","1,2406","2026/03/03","59201"
"The Azores","The Azores","AZ 30A","AZ_30A","","1,2406","2026/03/03","14408"
"The Azores","The Azores","AZ 31","AZ_31","","1,6425","2026/03/03","86762"
"The Azores","The Azores","AZ 32A","AZ_32A","","1,2581","2026/03/03","12511"
"The Azores","The Azores","AZ 33","AZ_33","","1,6425","2026/03/03","916"
"The Azores","The Azores","AZ 34","AZ_34","","1,2581","2026/03/03","28812"
"The Azores","The Azores","AZ 35A","AZ_35A","","1,6774","2026/03/03","20710"
"The Azores","The Azores","AZ 36A","AZ_36A","","1,6774","2026/03/03","56773"
"The Azores","The Azores","AZ 37 A","AZ_37_A","","1,6774","2026/03/03","1452"
"The Azores","The Azores","AZ 38","AZ_38","","1,6774","2026/03/03","47866"
"The Azores","The Azores","AZ 39","AZ_39","","1,6425","2026/03/03","63125"
"The Azores","The Azores","AZ 40","AZ_40","","1,66","2026/03/03","51813"
"The Azores","The Azores","AZ 41A","AZ_41A","","1,6425","2026/03/03","4296"
"The Azores","The Azores","AZ 42A","AZ_42A","","1,66","2026/03/03","63977"
"The Azores","The Azores","AZ 43","AZ_43","","1,6774","2026/03/03","69"
"The Azores","The Azores","AZ 44","AZ_44","","1,2756","2026/03/03","58768"
"The Azores","The Azores","AZ 45","AZ_45","","1,6774","2026/03/03","45989"
"The Azores","The Azores","AZ 46","AZ_46","","1,2756","2026/03/03","52438"
"The Azores","The Azores","AZ 47","AZ_47","","2,2715","2026/03/03","92541"
"The Azores","The Azores","AZ 48","AZ_48","","1,6949","2026/03/03","69302"
"The Azores","The Azores","AZ 49","AZ_49","","1,2406","2026/03/03","70361"
"The Azores","The Azores","AZ 50","AZ_50","","1,6425","2026/03/03","64746"
"The Azores","The Azores","AZ 51","AZ_51","","1,2406","2026/03/03","53196"
"The Azores","The Azores","AZ 52","AZ_52","","1,6425","2026/03/03","70096"
"The Azores","The Azores","AZ 53","AZ_53","","1,2406","2026/03/03","72681"
"The Azores","The Azores","AZ 54","AZ_54","","1,625","2026/03/03","68206"
"The Azores","The Azores","AZ 55","AZ_55","","1,2406","2026/03/03","36953"
"The Azores","The Azores","AZ 56","AZ_56","","1,625","2026/03/03","30809"
"The Azores","The Azores","AZ 57","AZ_57","","1,2581","2026/03/03","29317"
"The Azores","The Azores","AZ 58","AZ_58","","1,625","2026/03/03","35330"
"The Azores","The Azores","AZ 59","AZ_59","","1,2581","2026/03/03","82322"
"The Azores","The Azores","AZ 60A","AZ_60A","","1,625","2026/03/03","48845"
"The Azores","The Azores","AZ 61","AZ_61","","1,2406","2026/03/03","10651"
"The Azores","The Azores","AZ 62","AZ_62","","1,6425","2026/03/03","94746"
"The Azores","The Azores","AZ 63A","AZ_63A","","1,2406","2026/03/03","47799"
"The Azores","The Azores","AZ 64","AZ_64","","1,6425","2026/03/03","72937"
"The Azores","The Azores","AZ 65","AZ_65","","1,2406","2026/03/03","55022"
"The Azores","The Azores","AZ 66","AZ_66","","1,2406","2026/03/03","30122"
"The Azores","The Azores","AZ 67","AZ_67","","1,2406","2026/03/03","48986"
"The Azores","The Azores","AZ 68","AZ_68","","1,2406","2026/03/03","10368"
"The Azores","The Azores","AZ 69","AZ_69","","1,2406","2026/03/03","50128"
"The Azores","The Azores","AZ 70","AZ_70","","1,2406","2026/03/03","46791"
"The Azores","The Azores","AZ 71A","AZ_71A","","1,2406","2026/03/03","20177"
"The Azores","The Azores","AZ 72A","AZ_72A","","1,2406","2026/03/03","7874"
"The Azores","The Azores","Bulk 1","Bulk_1","",,"2026/03/03","98060"
"Genesis","Genesis","GEN 01","GEN_01","","1,025817296","02/03/2026","56699,3"
"Genesis","Genesis","GEN 02","GEN_02","","1,045487238","02/03/2026","57589,5"
"Genesis","Genesis","GEN 03","GEN_03","","1,085025809","02/03/2026","48947,5"
"Genesis","Genesis","GEN 04","GEN_04","","1,045487238","02/03/2026","59724,4"
"Genesis","Genesis","GEN 05","GEN_05","","0,986278725","02/03/2026","65984,3"
"Genesis","Genesis","GEN 06","GEN_06","","1,952887508","02/03/2026","110071"
"Genesis","Genesis","GEN 07","GEN_07","","1,814800539","02/03/2026","97579"
"Genesis","Genesis","GEN 08","GEN_08","","1,874009052","02/03/2026","91507,3"
"Genesis","Genesis","GEN 09","GEN_09","","1,893678994","02/03/2026","81823,1"
"Genesis","Genesis","GEN 10","GEN_10","","1,834470481","02/03/2026","98788,5"
"Genesis","Genesis","GEN 11","GEN_11","","2,307939901","02/03/2026","124098"
"Genesis","Genesis","GEN 12","GEN_12","","2,406686986","02/03/2026","144649,3"
"Genesis","Genesis","GEN 13","GEN_13","","1,874009052","02/03/2026","108547,2"
"Genesis","Genesis","GEN 14","GEN_14","","2,584113839","02/03/2026","128535,8"
"Genesis","Genesis","GEN 15","GEN_15","","1,262452663","02/03/2026","66254,9"
"Genesis","Genesis","GEN 16","GEN_16","","1,893678994","02/03/2026","84289,8"
"Genesis","Genesis","GEN 17","GEN_17","","1,933217565","02/03/2026","91374,9"
"Genesis","Genesis","GEN 18","GEN_18","","1,795130596","02/03/2026","102548,7"
"Genesis","Genesis","GEN 19","GEN_19","","1,893678994","02/03/2026","75622"
"Genesis","Genesis","GEN 20","GEN_20","","1,893678994","02/03/2026","76914"
"Genesis","Genesis","GEN 21","GEN_21","","2,386818357","02/03/2026","102480,9"
"Genesis","Genesis","GEN 22","GEN_22","","0,834283716","02/03/2026","56426"
"Genesis","Genesis","GEN 23","GEN_23","","0,850178619","02/03/2026","63315"
"Genesis","Genesis","GEN 24","GEN_24","","0,882365797","02/03/2026","48889"
"Genesis","Genesis","GEN 25","GEN_25","","0,850178619","02/03/2026","45975,2"
"Genesis","Genesis","GEN 26","GEN_26","","0,802096538","02/03/2026","52698,2"
"Genesis","Genesis","GEN 27","GEN_27","","1,588298172","02/03/2026","118576,1"
"Genesis","Genesis","GEN 28","GEN_28","","1,475841734","02/03/2026","82423,9"
"Genesis","Genesis","GEN 29","GEN_29","","1,524122502","02/03/2026","91559,4"
"Genesis","Genesis","GEN 30","GEN_30","","1,540017405","02/03/2026","96841,9"
"Genesis","Genesis","GEN 31","GEN_31","","1,491935324","02/03/2026","100781,8"
"Genesis","Genesis","GEN 32","GEN_32","","1,876989346","02/03/2026","134981,9"
"Genesis","Genesis","GEN 33","GEN_33","","1,957258606","02/03/2026","85620,5"
"Genesis","Genesis","GEN 34","GEN_34","","1,524122502","02/03/2026","99157,1"
"Genesis","Genesis","GEN 35","GEN_35","","2,10150485","02/03/2026","158697"
"Genesis","Genesis","GEN 36","GEN_36","","1,026810727","02/03/2026","56867,3"
"Genesis","Genesis","GEN 37","GEN_37","","1,540017405","02/03/2026","108107,6"
"Genesis","Genesis","GEN 38","GEN_38","","1,572204583","02/03/2026","100250,7"
"Genesis","Genesis","GEN 39","GEN_39","","1,459946832","02/03/2026","94802,7"
"Genesis","Genesis","GEN 40","GEN_40","","1,540017405","02/03/2026","99695,4"
"Genesis","Genesis","GEN 41","GEN_41","","1,540017405","02/03/2026","86562,3"
"Genesis","Genesis","GEN 42","GEN_42","","1,941165017","02/03/2026","124821,3"
"Genesis","Genesis","GEN 43","GEN_43","","0,928262329","02/03/2026","57407,1"
"Genesis","Genesis","GEN 44","GEN_44","","0,946144095","02/03/2026","37955,5"
"Genesis","Genesis","GEN 45","GEN_45","","0,98170894","02/03/2026","74892,3"
"Genesis","Genesis","GEN 46","GEN_46","","0,946144095","02/03/2026","57855,7"
"Genesis","Genesis","GEN 47","GEN_47","","0,892498798","02/03/2026","57142,5"
"Genesis","Genesis","GEN 48","GEN_48","","1,76711583","02/03/2026","93805,3"
"Genesis","Genesis","GEN 49","GEN_49","","1,642142156","02/03/2026","111140,3"
"Genesis","Genesis","GEN 50","GEN_50","","1,695787453","02/03/2026","103371,6"
"Genesis","Genesis","GEN 51","GEN_51","","1,713669219","02/03/2026","98527,4"
"Genesis","Genesis","GEN 52","GEN_52","","1,660023922","02/03/2026","120357,8"
"Genesis","Genesis","GEN 53","GEN_53","","2,088590241","02/03/2026","126857,1"
"Genesis","Genesis","GEN 54","GEN_54","","2,177800384","02/03/2026","126314,1"
"Genesis","Genesis","GEN 55","GEN_55","","1,695787453","02/03/2026","101313,4"
"Genesis","Genesis","GEN 56","GEN_56","","2,338338903","02/03/2026","109867,6"
"Genesis","Genesis","GEN 57","GEN_57","","1,142446146","02/03/2026","64032,2"
"Genesis","Genesis","GEN 58","GEN_58","","1,713669219","02/03/2026","73139,5"
"Genesis","Genesis","GEN 59","GEN_59","","1,749432751","02/03/2026","61290,9"
"Genesis","Genesis","GEN 60","GEN_60","","1,624459077","02/03/2026","102149,5"
"Genesis","Genesis","GEN 61","GEN_61","","1,713669219","02/03/2026","78877"
"Genesis","Genesis","GEN 62","GEN_62","","1,713669219","02/03/2026","106275,2"
"Genesis","Genesis","GEN 63","GEN_63","","2,159918618","02/03/2026","108103,8"
"Genesis","Genesis","Bulk 1","Bulk_1","",,"2021/05/31","68575"
"Genesis","Genesis","Com 1","Com_1","",,"02/03/2026","65836"
"Genesis","Genesis","Com 2","Com_2","",,"02/03/2026","140339"
"Genesis","Genesis","Com 3","Com_3","",,"02/03/2026","6315"
"Genesis","Genesis","Com 4","Com_4","",,"02/03/2026","85"
"Genesis","Genesis","Com 7","Com_7","",,"#########","7"
"Genesis","Genesis","Com 8","Com_8","",,"#########","194"
"Carissa Lane","Carissa Lane","CL 01","CL_01","","2,772","2026/03/05","10094"
"Carissa Lane","Carissa Lane","CL 02","CL_02","","3,7556","2026/03/05","38843"
"Carissa Lane","Carissa Lane","CL 03","CL_03","","4,8285","2026/03/05","53507"
"Carissa Lane","Carissa Lane","CL 04","CL_04","","2,8017","2026/03/05","19024"
"Carissa Lane","Carissa Lane","CL 05A","CL_05A","","2,7422","2026/03/05","99940"
"Carissa Lane","Carissa Lane","CL 06A","CL_06A","","3,7854","2026/03/05","33073"
"Carissa Lane","Carissa Lane","CL 07","CL_07","","3,7556","2026/03/05","24904"
"Carissa Lane","Carissa Lane","CL 08A","CL_08A","","3,7556","2026/03/05","88728"
"Carissa Lane","Carissa Lane","CL 09","CL_09","","3,7556","2026/03/05","29180"
"Carissa Lane","Carissa Lane","CL 10","CL_10","","3,696","2026/03/05","73270"
"Carissa Lane","Carissa Lane","CL 11","CL_11","","3,7556","2026/03/05","57526"
"Carissa Lane","Carissa Lane","CL 12","CL_12","","2,7422","2026/03/05","37015"
"Carissa Lane","Carissa Lane","CL 13B","CL_13B","","2,5335","2026/03/05","17703"
"Carissa Lane","Carissa Lane","CL 14","CL_14","","4,2622","2026/03/05","24691"
"Carissa Lane","Carissa Lane","CL 15","CL_15","","3,7556","2026/03/05","59655"
"Carissa Lane","Carissa Lane","CL 16","CL_16","","2,6826","2026/03/05","18025"
"Carissa Lane","Carissa Lane","CL 17","CL_17","","3,7257","2026/03/05","24992"
"Carissa Lane","Carissa Lane","CL 18","CL_18","","3,7556","2026/03/05","58146"
"Carissa Lane","Carissa Lane","CL 19","CL_19","","3,7556","2026/03/05","22924"
"Carissa Lane","Carissa Lane","CL 20","CL_20","","2,7422","2026/03/05","7243"
"Carissa Lane","Carissa Lane","CL 21","CL_21","","2,7422","2026/03/05","48012"
"Carissa Lane","Carissa Lane","CL 22","CL_22","","3,7556","2026/03/05","95354"
"Carissa Lane","Carissa Lane","CL 23","CL_23","","3,7854","2026/03/05","28403"
"Carissa Lane","Carissa Lane","CL 24","CL_24","","3,7556","2026/03/05","49854"
"Carissa Lane","Carissa Lane","CL 25","CL_25","","2,7422","2026/03/05","93636"
"Carissa Lane","Carissa Lane","CL 26","CL_26","","2,772","2026/03/05","99771"
"Carissa Lane","Carissa Lane","CL 27","CL_27","","2,772","2026/03/05","98667"
"Carissa Lane","Carissa Lane","CL 28","CL_28","","2,772","2026/03/05","95675"
"Carissa Lane","Carissa Lane","CL 29","CL_29","","2,772","2026/03/05","46165"
"Carissa Lane","Carissa Lane","CL 30","CL_30","","2,772","2026/03/05","91384"
"Carissa Lane","Carissa Lane","Com01","Com01","",,"2026/03/05","12771"
"Carissa Lane","Carissa Lane","Com02","Com02","",,"2026/03/05","949"
"Carissa Lane","Carissa Lane","Com03","Com03","",,"2026/03/05","1737"
"Carissa Lane","Carissa Lane","Bulk 1","Bulk_1","",,"2026/03/05","1605494"
"Bonifay Court","Bonifay Court","BC 01","BC_01","","0,0416666666666667","2026/03/03","333282"
"Bonifay Court","Bonifay Court","BC 02","BC_02","","0,0416666666666667","2026/03/03","323408"
"Bonifay Court","Bonifay Court","BC 03","BC_03","","0,0416666666666667","2026/03/03","45298"
"Bonifay Court","Bonifay Court","BC 04","BC_04","","0,0416666666666667","2026/03/03","368725"
"Bonifay Court","Bonifay Court","BC 05","BC_05","","0,0416666666666667","2026/03/03","262002"
"Bonifay Court","Bonifay Court","BC 06","BC_06","","0,0416666666666667","2026/03/03","514758"
"Bonifay Court","Bonifay Court","BC 07","BC_07","","0,0416666666666667","2026/03/03","559749"
"Bonifay Court","Bonifay Court","BC 08","BC_08","","0,0416666666666667","2026/03/03","52503"
"Bonifay Court","Bonifay Court","BC 09","BC_09","","0,0416666666666667","2026/03/03","327847"
"Bonifay Court","Bonifay Court","BC 10","BC_10","","0,0416666666666667","2026/03/03","441211"
"Bonifay Court","Bonifay Court","BC 11","BC_11","","0,0416666666666667","2026/03/03","364562"
"Bonifay Court","Bonifay Court","BC 12","BC_12","","0,0416666666666667","2026/03/03","29747"
"Bonifay Court","Bonifay Court","BC 13","BC_13","","0,0416666666666667","2026/03/03","345276"
"Bonifay Court","Bonifay Court","BC 14","BC_14","","0,0416666666666667","2026/03/03","413148"
"Bonifay Court","Bonifay Court","BC 15","BC_15","","0,0416666666666667","2026/03/03","337487"
"Bonifay Court","Bonifay Court","BC 16","BC_16","","0,0416666666666667","2026/03/03","57027"
"Bonifay Court","Bonifay Court","BC 17","BC_17","","0,0416666666666667","2026/03/03","354262"
"Bonifay Court","Bonifay Court","BC 18","BC_18","","0,0416666666666667","2026/03/03","320089"
"Bonifay Court","Bonifay Court","BC 19","BC_19","","0,0416666666666667","2026/03/03","388314"
"Bonifay Court","Bonifay Court","BC 20","BC_20","","0,0416666666666667","2026/03/03","477319"
"Bonifay Court","Bonifay Court","BC 21","BC_21","","0,0416666666666667","2026/03/03","186790"
"Bonifay Court","Bonifay Court","BC 22","BC_22","","0,0416666666666667","2026/03/03","403029"
"Bonifay Court","Bonifay Court","BC 23","BC_23","","0,0416666666666667","2026/03/03","445095"
"Bonifay Court","Bonifay Court","BC 24","BC_24","","0,0416666666666667","2026/03/03","310938"
"Granistar Heights","Granistar Heights","GH 01","GH_01","","3,1378","2021/12/30","76693"
"Granistar Heights","Granistar Heights","GH 02","GH_02","","2,8292","2021/12/30","84630"
"Granistar Heights","Granistar Heights","GH 03","GH_03","","12,4484","2021/12/30","486855"
"Granistar Heights","Granistar Heights","GH 04","GH_04","","6,9444","2021/12/30","24869"
"Granistar Heights","Granistar Heights","GH 05","GH_05","","3,6008","2021/12/30","123776"
"Granistar Heights","Granistar Heights","GH 06","GH_06","","5,4527","2021/12/30","66936"
"Granistar Heights","Granistar Heights","GH 06 Second Meter","GH_06_Second_Meter","","1,0802","2021/12/30","92753"
"Granistar Heights","Granistar Heights","GH 08","GH_08","","5,1955","2021/12/30","38362"
"Granistar Heights","Granistar Heights","GH 12","GH_12","","3,035","2021/12/30","104330"
"Granistar Heights","Granistar Heights","GH 13","GH_13","","7,0988","2021/12/30","202687"
"Granistar Heights","Granistar Heights","GH 14A","GH_14A","","5,9156","2021/12/30","55861"
"Granistar Heights","Granistar Heights","GH 15","GH_15","","5,0412","2021/12/30","140800"
"Granistar Heights","Granistar Heights","GH 16","GH_16","","2,3663","2021/12/30","102913"
"Granistar Heights","Granistar Heights","GH 17","GH_17","","3,035","2021/12/30","33368"
"Granistar Heights","Granistar Heights","GH 18","GH_18","","7,2531","2021/12/30","173484"
"Granistar Heights","Granistar Heights","GH 19","GH_19","","3,035","2021/12/30","24919"
"Granistar Heights","Granistar Heights","GH 20","GH_20","","3,1893","2021/12/30","108736"
"Granistar Heights","Granistar Heights","GH 21","GH_21","","4,0638","2021/12/30","90212"
"Granistar Heights","Granistar Heights","** CellC / GH 07","CellC_GH_07","",,"2021/12/30","419289"
"Granistar Heights","Granistar Heights","** A","A","",,"2021/12/30","48853"
"Granistar Heights","Granistar Heights","** B","B","",,"2021/12/30","31724"
"Granistar Heights","Granistar Heights","** C","C","",,"2021/12/30","625"
"Granistar Heights","Granistar Heights","Bulk 1","Bulk_1","",,"2021/12/30","289666"
"Vilino Glen","Vilino Glen","VG 01","VG_01","1","2,382403","2026/01/31","16935"
"Vilino Glen","Vilino Glen","VG 02","VG_02","1","2,382403","2026/01/31","23041"
"Vilino Glen","Vilino Glen","VG 03","VG_03","1","2,382403","2026/01/31","16172"
"Vilino Glen","Vilino Glen","VG 04","VG_04","1","2,382403","2026/01/31","15198"
"Vilino Glen","Vilino Glen","VG 05","VG_05","1","2,382403","2026/01/31","13567"
"Vilino Glen","Vilino Glen","VG 06","VG_06","1","2,382403","2026/01/31","10925"
"Vilino Glen","Vilino Glen","VG 07","VG_07","1","2,382403","2026/01/31","17349"
"Vilino Glen","Vilino Glen","VG 08A","VG_08A","1","2,382403","2026/01/31","10284"
"Vilino Glen","Vilino Glen","VG 09","VG_09","1","2,382403","2026/01/31","17759"
"Vilino Glen","Vilino Glen","VG 10","VG_10","1","2,382403","2026/01/31","10792"
"Vilino Glen","Vilino Glen","VG 11","VG_11","1","2,382403","2026/01/31","15325"
"Vilino Glen","Vilino Glen","VG 12","VG_12","1","2,382297","2026/01/31","13477"
"Vilino Glen","Vilino Glen","VG 13","VG_13","1","2,382297","2026/01/31","15969"
"Vilino Glen","Vilino Glen","VG 14A","VG_14A","1","2,382297","2026/01/31","17875"
"Vilino Glen","Vilino Glen","VG 15","VG_15","1","2,382297","2026/01/31","26953"
"Vilino Glen","Vilino Glen","VG 16","VG_16","1","2,382297","2026/01/31","11795"
"Vilino Glen","Vilino Glen","VG 17","VG_17","1","2,382297","2026/01/31","6191"
"Vilino Glen","Vilino Glen","VG 18","VG_18","1","2,382297","2026/01/31","18019"
"Vilino Glen","Vilino Glen","VG 19 A","VG_19_A","1","2,382297","2026/01/31","7407"
"Vilino Glen","Vilino Glen","VG 20A","VG_20A","1","2,382297","2026/01/31","8732"
"Vilino Glen","Vilino Glen","VG 21","VG_21","1","2,382297","2026/01/31","8700"
"Vilino Glen","Vilino Glen","VG 22","VG_22","1","3,922106","2026/01/31","23046"
"Vilino Glen","Vilino Glen","VG 23","VG_23","1","3,980191","2026/01/31","6242"
"Vilino Glen","Vilino Glen","VG 24","VG_24","1","2,382297","2026/01/31","17786"
"Vilino Glen","Vilino Glen","VG 25","VG_25","1","3,021503","2026/01/31","13996"
"Vilino Glen","Vilino Glen","VG 26","VG_26","1","3,021503","2026/01/31","9845"
"Vilino Glen","Vilino Glen","VG 27","VG_27","1","2,382297","2026/01/31","16022"
"Vilino Glen","Vilino Glen","VG 28","VG_28","1","3,021503","2026/01/31","13394"
"Vilino Glen","Vilino Glen","VG 29","VG_29","1","2,382297","2026/01/31","18649"
"Vilino Glen","Vilino Glen","VG 30","VG_30","1","2,382297","2026/01/31","9644"
"Vilino Glen","Vilino Glen","VG 31","VG_31","1","2,382297","2026/01/31","10574"
"Vilino Glen","Vilino Glen","VG 32","VG_32","1","3,922106","2026/01/31","18200"
"Vilino Glen","Vilino Glen","VG 33","VG_33","1","3,021503","2026/01/31","21598"
"Vilino Glen","Vilino Glen","VG 34","VG_34","1","2,382297","2026/01/31","14894"
"Vilino Glen","Vilino Glen","VG 35","VG_35","1","3,951209","2026/01/31","18076"
"Vilino Glen","Vilino Glen","VG 36","VG_36","1","3,050591","2026/01/31","10002"
"Vilino Glen","Vilino Glen","VG 37","VG_37","1","2,382297","2026/01/31","13508"
"Vilino Glen","Vilino Glen","VG 38","VG_38","1","2,382297","2026/01/31","15354"
"Vilino Glen","Vilino Glen","** Gate","Gate","",,"2026/01/31","0"
"Vilino Glen","Vilino Glen","Bulk 1","Bulk_1","",,"2026/01/31","95534"
"Hazelmere","Hazelmere","HM 01","HM_01","","1,05971645424603","2026/03/03","42067"
"Hazelmere","Hazelmere","HM 02","HM_02","","1,67549763711872","2026/03/03","17912"
"Hazelmere","Hazelmere","HM 03","HM_03","","1,67549763711872","2026/03/03","39375"
"Hazelmere","Hazelmere","HM 04","HM_04","","1,05971645424603","2026/03/03","87793"
"Hazelmere","Hazelmere","HM 05","HM_05","","1,67549763711872","2026/03/03","10730"
"Hazelmere","Hazelmere","HM 06","HM_06","","1,83302305599313","2026/03/03","74423"
"Hazelmere","Hazelmere","HM 07","HM_07","","1,67549763711872","2026/03/03","28458"
"Hazelmere","Hazelmere","HM 08","HM_08","","1,03107546899613","2026/03/03","75651"
"Hazelmere","Hazelmere","HM 09","HM_09","","1,27452384362022","2026/03/03","86382"
"Hazelmere","Hazelmere","HM 10","HM_10","","1,79006157811829","2026/03/03","36602"
"Hazelmere","Hazelmere","HM 11","HM_11","","1,05971645424603","2026/03/03","15588"
"Hazelmere","Hazelmere","HM 12","HM_12","","1,05971645424603","2026/03/03","98388"
"Hazelmere","Hazelmere","HM 13","HM_13","","1,05971645424603","2026/03/03","10121"
"Hazelmere","Hazelmere","HM 14","HM_14","","1,83302305599313","2026/03/03","27818"
"Hazelmere","Hazelmere","HM 15A","HM_15A","","1,67549763711872","2026/03/03","46044"
"Hazelmere","Hazelmere","HM 16","HM_16","","1,05971645424603","2026/03/03","96029"
"Hazelmere","Hazelmere","HM 17","HM_17","","1,66117714449377","2026/03/03","16573"
"Hazelmere","Hazelmere","HM 18","HM_18","","1,66117714449377","2026/03/03","80994"
"Hazelmere","Hazelmere","HM 19","HM_19","","1,66117714449377","2026/03/03","72352"
"Hazelmere","Hazelmere","HM 20","HM_20","","1,05971645424603","2026/03/03","97658"
"Hazelmere","Hazelmere","HM 21","HM_21","","1,05971645424603","2026/03/03","13768"
"Hazelmere","Hazelmere","HM 22","HM_22","","1,67549763711872","2026/03/03","84896"
"Hazelmere","Hazelmere","HM 23","HM_23","","1,67549763711872","2026/03/03","59746"
"Hazelmere","Hazelmere","HM 24","HM_24","","1,81870256336818","2026/03/03","72156"
"Hazelmere","Hazelmere","HM 25","HM_25","","1,67549763711872","2026/03/03","56899"
"Hazelmere","Hazelmere","HM 26","HM_26","","1,03107546899613","2026/03/03","19679"
"Hazelmere","Hazelmere","HM 27","HM_27","","1,67549763711872","2026/03/03","42785"
"Hazelmere","Hazelmere","HM 28","HM_28","","1,67549763711872","2026/03/03","7182"
"Hazelmere","Hazelmere","HM 29","HM_29","","1,05971645424603","2026/03/03","42343"
"Hazelmere","Hazelmere","HM 30A","HM_30A","","1,67549763711872","2026/03/03","88228"
"Hazelmere","Hazelmere","HM 31","HM_31","","1,67549763711872","2026/03/03","88818"
"Hazelmere","Hazelmere","HM 32","HM_32","","1,28884433624517","2026/03/03","43309"
"Hazelmere","Hazelmere","HM 33","HM_33","","1,05971645424603","2026/03/03","48182"
"Hazelmere","Hazelmere","HM 34","HM_34","","1,43204926249463","2026/03/03","72397"
"Hazelmere","Hazelmere","HM 35A","HM_35A","","1,05971645424603","2026/03/03","8376"
"Hazelmere","Hazelmere","HM 36A","HM_36A","","0,930832020621509","2026/03/03","26259"
"Hazelmere","Hazelmere","HM 37","HM_37","","1,05971645424603","2026/03/03","67733"
"Hazelmere","Hazelmere","HM 38","HM_38","","1,05971645424603","2026/03/03","58803"
"Hazelmere","Hazelmere","HM 39","HM_39","","1,05971645424603","2026/03/03","22942"
"Hazelmere","Hazelmere","HM 40A","HM_40A","","2,14807389374194","2026/03/03","36253"
"Hazelmere","Hazelmere","HM 41","HM_41","","1,67549763711872","2026/03/03","37920"
"Hazelmere","Hazelmere","HM 42","HM_42","","1,26020335099527","2026/03/03","35881"
"Hazelmere","Hazelmere","HM 43","HM_43","","1,26020335099527","2026/03/03","9263"
"Hazelmere","Hazelmere","HM 44","HM_44","","2,19103537161678","2026/03/03","0"
"Hazelmere","Hazelmere","HM 45","HM_45","","1,67549763711872","2026/03/03","8891"
"Hazelmere","Hazelmere","HM 46","HM_46","","1,05971645424603","2026/03/03","3274"
"Hazelmere","Hazelmere","HM 47","HM_47","","1,05971645424603","2026/03/03","24714"
"Hazelmere","Hazelmere","HM 48","HM_48","","1,05971645424603","2026/03/03","9345"
"Hazelmere","Hazelmere","HM 49","HM_49","","2,3199198052413","2026/03/03","42309"
"Hazelmere","Hazelmere","HM 50 A","HM_50_A","","1,28884433624517","2026/03/03","22184"
"Hazelmere","Hazelmere","HM 51","HM_51","","2,44880423886582","2026/03/03","15987"
"Hazelmere","Hazelmere","HM 52","HM_52","","1,7327796076185","2026/03/03","12861"
"Hazelmere","Hazelmere","HM 53","HM_53","","1,08835743949592","2026/03/03","63730"
"Hazelmere","Hazelmere","** HM 17","HM_17","",,"2026/03/03","2127"
"Hazelmere","Hazelmere","** HM 51","HM_51","",,"2026/03/03","7516"
"Hazelmere","Hazelmere","** HM 39","HM_39","",,"2026/03/03","10272"
"Hazelmere","Hazelmere","Com Store 1","Com_Store_1","",,"2026/03/03","15138"
"Hazelmere","Hazelmere","Com Store 2","Com_Store_2","",,"2026/03/03","4425"
"Hazelmere","Hazelmere","Com Store 3","Com_Store_3","",,"2026/03/03","60162"
"Hazelmere","Hazelmere","Bulk 1","Bulk_1","*160",,"2026/03/03","68"
"Hazelmere","Hazelmere","Bulk 2","Bulk_2","*160",,"2026/03/03","5201"
"Hazelmere","Hazelmere","Bulk 3","Bulk_3","*160",,"2026/03/03","1006"
"Hazelmere","Hazelmere","Com07 - Public","Com07_Public","",,"2026/03/03","35100"
"Hazelmere","Hazelmere","HM 32 Garage","HM_32_Garage","",,"2026/03/03","1513"
"Akasia","Akasia","AK 01 / FL 16","AK_01_FL_16","",,"2024/10/01","23,37"
"Akasia","Akasia","AK 02 / FL 15","AK_02_FL_15","",,"2024/10/01","29,01"
"Akasia","Akasia","AK 03 / FL 14","AK_03_FL_14","",,"2024/10/01","22,18"
"Akasia","Akasia","AK 04 / FL 13","AK_04_FL_13","",,"2024/10/01","44,74"
"Akasia","Akasia","AK 05 / FL 12","AK_05_FL_12","",,"2024/10/01","18,3"
"Akasia","Akasia","AK 06 / FL 11","AK_06_FL_11","",,"2024/10/01","26,2"
"Akasia","Akasia","AK 07 / FL 116","AK_07_FL_116","",,"2024/10/01","21,29"
"Akasia","Akasia","AK 08 / FL 117","AK_08_FL_117","",,"2024/10/01","26,18"
"Akasia","Akasia","AK 09 / FL 118","AK_09_FL_118","",,"2024/10/01","0"
"Akasia","Akasia","AK 10 / FL 119","AK_10_FL_119","",,"2024/10/01","6,75"
"Akasia","Akasia","AK 11 / FL 120","AK_11_FL_120","",,"2024/10/01","2,17"
"Akasia","Akasia","AK 12 / FL 112","AK_12_FL_112","",,"2024/10/01","38,07"
"Akasia","Akasia","AK 13 / FL 113","AK_13_FL_113","",,"2024/10/01","9,17"
"Akasia","Akasia","AK 14 / FL 114","AK_14_FL_114","",,"2024/10/01","11,03"
"Akasia","Akasia","AK 15 / FL 115","AK_15_FL_115","",,"2024/10/01","0"
"Akasia","Akasia","AK 16 / FL 26","AK_16_FL_26","",,"2024/10/01","19,69"
"Akasia","Akasia","AK 17 / FL 25","AK_17_FL_25","",,"2024/10/01","10,11"
"Akasia","Akasia","AK 18 / FL 24","AK_18_FL_24","",,"2024/10/01","30,37"
"Akasia","Akasia","AK 19 / FL 23","AK_19_FL_23","",,"2024/10/01","11,14"
"Akasia","Akasia","AK 20 / FL 22","AK_20_FL_22","",,"2024/10/01","26,02"
"Akasia","Akasia","AK 21 / FL 21","AK_21_FL_21","",,"2024/10/01","15,6"
"Akasia","Akasia","AK 22 / FL 216","AK_22_FL_216","",,"2024/10/01","26,56"
"Akasia","Akasia","AK 23 / FL 217","AK_23_FL_217","",,"2024/10/01","31,36"
"Akasia","Akasia","AK 24 / FL 218","AK_24_FL_218","",,"2024/10/01","24,54"
"Akasia","Akasia","AK 25 / FL 219","AK_25_FL_219","",,"2024/10/01","0"
"Akasia","Akasia","AK 26 / FL 220","AK_26_FL_220","",,"2024/10/01","11,1"
"Akasia","Akasia","AK 27 / FL 212","AK_27_FL_212","",,"2024/10/01","25,18"
"Akasia","Akasia","AK 28 / FL 213","AK_28_FL_213","",,"2024/10/01","58,81"
"Akasia","Akasia","AK 29 / FL 214","AK_29_FL_214","",,"2024/10/01","8,56"
"Akasia","Akasia","AK 30 / FL 215","AK_30_FL_215","",,"2024/10/01","29,84"
"Akasia","Akasia","AK 31 / FL 36","AK_31_FL_36","",,"2024/10/01","38,1"
"Akasia","Akasia","AK 32 / FL 35","AK_32_FL_35","",,"2024/10/01","0"
"Akasia","Akasia","AK 33 FL 34","AK_33_FL_34","",,"2024/10/01","25,22"
"Akasia","Akasia","AK 34 / FL 33","AK_34_FL_33","",,"2024/10/01","46,95"
"Akasia","Akasia","AK 35 / FL 32","AK_35_FL_32","",,"2024/10/01","15,82"
"Akasia","Akasia","AK 36 / FL 31","AK_36_FL_31","",,"2024/10/01","38,6"
"Akasia","Akasia","AK 37 / FL 316","AK_37_FL_316","",,"2024/10/01","4,01"
"Akasia","Akasia","AK 38 / FL 317","AK_38_FL_317","",,"2024/10/01","20,61"
"Akasia","Akasia","AK 39 / FL 318","AK_39_FL_318","",,"2024/10/01","67,18"
"Akasia","Akasia","AK 40 / FL 319","AK_40_FL_319","",,"2024/10/01","5,64"
"Akasia","Akasia","AK 41 / FL 320","AK_41_FL_320","",,"2024/10/01","38,18"
"Akasia","Akasia","AK 42 / FL 312","AK_42_FL_312","",,"2024/10/01","23,33"
"Akasia","Akasia","AK 43 / FL 313","AK_43_FL_313","",,"2024/10/01","9,32"
"Akasia","Akasia","AK 44 / FL 314","AK_44_FL_314","",,"2024/10/01","32,64"
"Akasia","Akasia","AK 45 / FL 315","AK_45_FL_315","",,"2024/10/01","25,32"
"Akasia","Akasia","AK 46 / FL 46","AK_46_FL_46","",,"2024/10/01","10,6"
"Akasia","Akasia","AK 47 / FL 45","AK_47_FL_45","",,"2024/10/01","110,2"
"Akasia","Akasia","AK 48 / FL 44","AK_48_FL_44","",,"2024/10/01","0"
"Akasia","Akasia","AK 49 / FL 43","AK_49_FL_43","",,"2024/10/01","7,94"
"Akasia","Akasia","AK 50 / FL 42","AK_50_FL_42","",,"2024/10/01","24,34"
"Akasia","Akasia","AK 51 / FL 41","AK_51_FL_41","",,"2024/10/01","96,35"
"Akasia","Akasia","AK 52 / FL 416","AK_52_FL_416","",,"2024/10/01","0"
"Akasia","Akasia","AK 53 / FL 417","AK_53_FL_417","",,"2024/10/01","52,61"
"Akasia","Akasia","AK 54 / FL 418","AK_54_FL_418","",,"2024/10/01","13,15"
"Akasia","Akasia","AK 55 / FL 419","AK_55_FL_419","",,"2024/10/01","6,34"
"Akasia","Akasia","AK 56 / FL 420","AK_56_FL_420","",,"2024/10/01","20,2"
"Akasia","Akasia","AK 57 / FL 412","AK_57_FL_412","",,"2024/10/01","23,18"
"Akasia","Akasia","AK 58 / FL 413","AK_58_FL_413","",,"2024/10/01","48,07"
"Akasia","Akasia","AK 59 / FL 414","AK_59_FL_414","",,"2024/10/01","0"
"Akasia","Akasia","AK 60 / FL 415","AK_60_FL_415","",,"2024/10/01","0"
"Akasia","Akasia","AK 61 / FL 56","AK_61_FL_56","",,"2024/10/01","9,3"
"Akasia","Akasia","AK 62 / FL 55","AK_62_FL_55","",,"2024/10/01","36,1"
"Akasia","Akasia","AK 63 / FL 54","AK_63_FL_54","",,"2024/10/01","13,1"
"Akasia","Akasia","AK 64 / FL 53","AK_64_FL_53","",,"2024/10/01","92,41"
"Akasia","Akasia","AK 65 / FL 52","AK_65_FL_52","",,"2024/10/01","10,1"
"Akasia","Akasia","AK 66 / FL 51","AK_66_FL_51","",,"2024/10/01","34,46"
"Akasia","Akasia","AK 67 / FL 516","AK_67_FL_516","",,"2024/10/01","26,73"
"Akasia","Akasia","AK 68 / FL 517","AK_68_FL_517","",,"2024/10/01","65,26"
"Akasia","Akasia","AK 69 / FL 518","AK_69_FL_518","",,"2024/10/01","104,08"
"Akasia","Akasia","AK 70 / FL 519","AK_70_FL_519","",,"2024/10/01","9,07"
"Akasia","Akasia","AK 71 / FL 520","AK_71_FL_520","",,"2024/10/01","55,31"
"Akasia","Akasia","AK 72 / FL 512","AK_72_FL_512","",,"2024/10/01","22,01"
"Akasia","Akasia","AK 73 / FL 513","AK_73_FL_513","",,"2024/10/01","29,57"
"Akasia","Akasia","AK 74 / FL 514","AK_74_FL_514","",,"2024/10/01","31,59"
"Akasia","Akasia","AK 75 / FL 515","AK_75_FL_515","",,"2024/10/01","17,49"
"Akasia","Akasia","AK 76 / FL 66","AK_76_FL_66","",,"2024/10/01","26,72"
"Akasia","Akasia","AK 77 / FL 65","AK_77_FL_65","",,"2024/10/01","11,03"
"Akasia","Akasia","AK 78 / FL 64","AK_78_FL_64","",,"2024/10/01","9,1"
"Akasia","Akasia","AK 79 / FL 63","AK_79_FL_63","",,"2024/10/01","39,72"
"Akasia","Akasia","AK 80A / FL 62","AK_80A_FL_62","",,"2024/10/01","0"
"Akasia","Akasia","AK 80B / FL 61","AK_80B_FL_61","",,"2024/10/01","0"
"Akasia","Akasia","AK 81 / FL 616","AK_81_FL_616","",,"2024/10/01","4,32"
"Akasia","Akasia","AK 82 / FL 617","AK_82_FL_617","",,"2024/10/01","27,68"
"Akasia","Akasia","AK 83 / FL 618","AK_83_FL_618","",,"2024/10/01","19,38"
"Akasia","Akasia","AK 84 / FL 619","AK_84_FL_619","",,"2024/10/01","60,29"
"Akasia","Akasia","AK 85 / FL 620","AK_85_FL_620","",,"2024/10/01","41,11"
"Akasia","Akasia","AK 86 / FL 612","AK_86_FL_612","",,"2024/10/01","31,64"
"Akasia","Akasia","AK 87 / FL 613","AK_87_FL_613","",,"2024/10/01","21,31"
"Akasia","Akasia","AK 88 / FL 614","AK_88_FL_614","",,"2024/10/01","18,34"
"Akasia","Akasia","AK 89 / FL 615","AK_89_FL_615","",,"2024/10/01","11,01"
"Phanda Lodge","Phanda Lodge","PH 01","PH_01","",,"2026/03/03","1444"
"Phanda Lodge","Phanda Lodge","PH 02","PH_02","",,"2026/03/03","3479"
"Phanda Lodge","Phanda Lodge","PH 03","PH_03","",,"2026/03/03","1891"
"Phanda Lodge","Phanda Lodge","PH 04","PH_04","",,"2026/03/03","751"
"Phanda Lodge","Phanda Lodge","PH 05","PH_05","",,"2026/03/03","3216"
"Phanda Lodge","Phanda Lodge","PH 06","PH_06","",,"2026/03/03","711"
"Phanda Lodge","Phanda Lodge","PH 07","PH_07","",,"2026/03/03","1116"
"Phanda Lodge","Phanda Lodge","PH 08","PH_08","",,"2026/03/03","36"
"Phanda Lodge","Phanda Lodge","PH 09","PH_09","",,"2026/03/03","1936"
"Phanda Lodge","Phanda Lodge","PH 10","PH_10","",,"2026/03/03","3628"
"Phanda Lodge","Phanda Lodge","PH 11","PH_11","",,"2026/03/03","1692"
"Phanda Lodge","Phanda Lodge","PH 12","PH_12","",,"2026/03/03","2353"
"Phanda Lodge","Phanda Lodge","PH 13","PH_13","",,"2026/03/03","2296"
"Phanda Lodge","Phanda Lodge","PH 14","PH_14","",,"2026/03/03","2244"
"Phanda Lodge","Phanda Lodge","PH 15","PH_15","",,"2026/03/03","2607"
"Phanda Lodge","Phanda Lodge","PH 16","PH_16","",,"2026/03/03","4114"
"Phanda Lodge","Phanda Lodge","PH 17","PH_17","",,"2026/03/03","292"
"Phanda Lodge","Phanda Lodge","PH 18","PH_18","",,"2026/03/03","2993"
"Phanda Lodge","Phanda Lodge","PH 19","PH_19","",,"2026/03/03","2236"
"Phanda Lodge","Phanda Lodge","PH 20","PH_20","",,"2026/03/03","2927"
"Phanda Lodge","Phanda Lodge","PH 21","PH_21","",,"2026/03/03","60"
"Phanda Lodge","Phanda Lodge","PH 22","PH_22","",,"2026/03/03","1561"
"Phanda Lodge","Phanda Lodge","PH 23","PH_23","",,"2026/03/03","285"
"Phanda Lodge","Phanda Lodge","PH 24","PH_24","",,"2026/03/03","408"
"Phanda Lodge","Phanda Lodge","PH 25","PH_25","",,"2026/03/03","639"
"Phanda Lodge","Phanda Lodge","PH 26","PH_26","",,"2026/03/03","763"
"Phanda Lodge","Phanda Lodge","PH 27","PH_27","",,"2026/03/03","3121"
"Phanda Lodge","Phanda Lodge","PH 28","PH_28","",,"2026/03/03","1061"
"Phanda Lodge","Phanda Lodge","PH 29","PH_29","",,"2026/03/03","1896"
"Phanda Lodge","Phanda Lodge","PH 30","PH_30","",,"2026/03/03","978"
"Phanda Lodge","Phanda Lodge","PH 31","PH_31","",,"2026/03/03","832"
"Phanda Lodge","Phanda Lodge","PH 32","PH_32","",,"2026/03/03","880"
"Phanda Lodge","Phanda Lodge","PH 33","PH_33","",,"2026/03/03","1690"
"Phanda Lodge","Phanda Lodge","PH 34","PH_34","",,"2026/03/03","1145"
"Phanda Lodge","Phanda Lodge","PH 35","PH_35","",,"2026/03/03","1313"
"Phanda Lodge","Phanda Lodge","PH 36","PH_36","",,"2026/03/03","2"
"Phanda Lodge","Phanda Lodge","PH 37","PH_37","",,"2026/03/03","885"
"Phanda Lodge","Phanda Lodge","PH 38","PH_38","",,"2026/03/03","975"
"Phanda Lodge","Phanda Lodge","PH 39","PH_39","",,"2026/03/03","33512"
"Phanda Lodge","Phanda Lodge","PH 40","PH_40","",,"2026/03/03","875"
"Phanda Lodge","Phanda Lodge","PH 41","PH_41","",,"2026/03/03","2005"
"Phanda Lodge","Phanda Lodge","PH 42","PH_42","",,"2026/03/03","746"
"Phanda Lodge","Phanda Lodge","PH 43","PH_43","",,"2026/03/03","877"
"Phanda Lodge","Phanda Lodge","PH 44","PH_44","",,"2026/03/03","753"
"Phanda Lodge","Phanda Lodge","PH 45","PH_45","",,"2026/03/03","912"
"Phanda Lodge","Phanda Lodge","PH 46","PH_46","",,"2026/03/03","2551"
"Phanda Lodge","Phanda Lodge","PH 47","PH_47","",,"2026/03/03","1017"
"Phanda Lodge","Phanda Lodge","PH 48","PH_48","",,"2026/03/03","1116"
"Phanda Lodge","Phanda Lodge","Bulk 1","Bulk_1","",,"2026/03/03","2977129"
"Vista Del Monte","Vista Del Monte","VD 01","VD_01","","3,81019230372934","2026/02/27","17987"
"Vista Del Monte","Vista Del Monte","VD 02","VD_02","","3,81019230372934","2026/02/27","40960"
"Vista Del Monte","Vista Del Monte","VD 03","VD_03","","3,81019230372934","2026/02/27","41414"
"Vista Del Monte","Vista Del Monte","VD 04","VD_04","","3,78483066997013","2026/02/27","63081"
"Vista Del Monte","Vista Del Monte","VD 05","VD_05","","3,81019230372934","2026/02/27","71674"
"Vista Del Monte","Vista Del Monte","VD 06","VD_06","","3,83555393748854","2026/02/27","42068"
"Vista Del Monte","Vista Del Monte","VD 07","VD_07","","3,83555393748854","2026/02/27","38616"
"Vista Del Monte","Vista Del Monte","VD 08","VD_08","","3,83555393748854","2026/02/27","37429"
"Vista Del Monte","Vista Del Monte","VD 09","VD_09","","2,35169048033091","2026/02/27","25237"
"Vista Del Monte","Vista Del Monte","VD 10","VD_10","","2,35169048033091","2026/02/27","28135"
"Vista Del Monte","Vista Del Monte","VD 11","VD_11","","1,86940367441808","2026/02/27","28882"
"Vista Del Monte","Vista Del Monte","VD 12","VD_12","","1,86940367441808","2026/02/27","14309"
"Vista Del Monte","Vista Del Monte","VD 13","VD_13","","1,86940367441808","2026/02/27","16314"
"Vista Del Monte","Vista Del Monte","VD 14","VD_14","","1,86940367441808","2026/02/27","17393"
"Vista Del Monte","Vista Del Monte","VD 15","VD_15","","2,35169048033091","2026/02/27","21290"
"Vista Del Monte","Vista Del Monte","VD 16","VD_16","","2,35169048033091","2026/02/27","81671"
"Vista Del Monte","Vista Del Monte","VD 17","VD_17","","2,2914046295918","2026/02/27","59580"
"Vista Del Monte","Vista Del Monte","VD 18","VD_18","","2,2914046295918","2026/02/27","1200"
"Vista Del Monte","Vista Del Monte","VD 19","VD_19","","1,86940367441808","2026/02/27","14410"
"Vista Del Monte","Vista Del Monte","VD 20","VD_20","","1,86940367441808","2026/02/27","58583"
"Vista Del Monte","Vista Del Monte","VD 21","VD_21","","1,86940367441808","2026/02/27","19125"
"Vista Del Monte","Vista Del Monte","VD 22","VD_22","","1,86940367441808","2026/02/27","17600"
"Vista Del Monte","Vista Del Monte","VD 23","VD_23","","1,86940367441808","2026/02/27","31694"
"Vista Del Monte","Vista Del Monte","VD 24","VD_24","","1,86940367441808","2026/02/27","116"
"Vista Del Monte","Vista Del Monte","VD 25","VD_25","","1,86940367441808","2026/02/27","31552"
"Vista Del Monte","Vista Del Monte","VD 26","VD_26","","1,86940367441808","2026/02/27","26486"
"Vista Del Monte","Vista Del Monte","VD 27","VD_27","","2,1708329281136","2026/02/27","29617"
"Vista Del Monte","Vista Del Monte","VD 28","VD_28","","2,1708329281136","2026/02/27","43212"
"Vista Del Monte","Vista Del Monte","VD 29","VD_29","","2,65311973402642","2026/02/27","10754"
"Vista Del Monte","Vista Del Monte","VD 30","VD_30","","2,65311973402642","2026/02/27","48785"
"Vista Del Monte","Vista Del Monte","VD 31","VD_31","","1,86940367441808","2026/02/27","21267"
"Vista Del Monte","Vista Del Monte","VD 32","VD_32","","1,86940367441808","2026/02/27","14178"
"Vista Del Monte","Vista Del Monte","VD 33","VD_33","","1,86940367441808","2026/02/27","25019"
"Vista Del Monte","Vista Del Monte","VD 34","VD_34","","1,86940367441808","2026/02/27","30388"
"Vista Del Monte","Vista Del Monte","VD 35","VD_35","","1,86940367441808","2026/02/27","24870"
"Vista Del Monte","Vista Del Monte","VD 36","VD_36","","1,86940367441808","2026/02/27","23546"
"Vista Del Monte","Vista Del Monte","VD 37","VD_37","","1,86940367441808","2026/02/27","39795"
"Vista Del Monte","Vista Del Monte","VD 38","VD_38","","1,86940367441808","2026/02/27","14676"
"Vista Del Monte","Vista Del Monte","VD 39","VD_39","","1,86940367441808","2026/02/27","40116"
"Vista Del Monte","Vista Del Monte","VD 40","VD_40","","1,86940367441808","2026/02/27","17088"
"Vista Del Monte","Vista Del Monte","VD 41","VD_41","","2,35169048033091","2026/02/27","38089"
"Vista Del Monte","Vista Del Monte","VD 42","VD_42","","2,35169048033091","2026/02/27","17306"
"Vista Del Monte","Vista Del Monte","Bulk 1","Bulk_1","",,"2026/02/27","1247289"
"L'Montagne","L'Montagne","LM 01A","LM_01A","","2,178445936","2026/03/05","72951"
"L'Montagne","L'Montagne","LM 02A","LM_02A","","2,178445936","2026/03/05","77746"
"L'Montagne","L'Montagne","LM 03","LM_03","","1,416200545","2026/03/05","24009"
"L'Montagne","L'Montagne","LM 04","LM_04","","1,416200545","2026/03/05","3481"
"L'Montagne","L'Montagne","LM 05","LM_05","","2,178445936","2026/03/05","37458"
"L'Montagne","L'Montagne","LM 06","LM_06","","2,178445936","2026/03/05","12126"
"L'Montagne","L'Montagne","LM 07A","LM_07A","","1,416200545","2026/03/05","94107"
"L'Montagne","L'Montagne","LM 08","LM_08","","1,416200545","2026/03/05","92436"
"L'Montagne","L'Montagne","LM 09A","LM_09A","","2,178445936","2026/03/05","24910"
"L'Montagne","L'Montagne","LM 10A","LM_10A","","2,178445936","2026/03/05","20792"
"L'Montagne","L'Montagne","LM 11A","LM_11A","","1,416200545","2026/03/05","54478"
"L'Montagne","L'Montagne","LM 12","LM_12","","1,416200545","2026/03/05","34114"
"L'Montagne","L'Montagne","LM 13","LM_13","","2,178445936","2026/03/05","31050"
"L'Montagne","L'Montagne","LM 14","LM_14","","2,980535093","2026/03/05","61802"
"L'Montagne","L'Montagne","LM 15","LM_15","","1,416200545","2026/03/05","12888"
"L'Montagne","L'Montagne","LM 16","LM_16","","1,416200545","2026/03/05","97859"
"L'Montagne","L'Montagne","LM 17A","LM_17A","","2,178445936","2026/03/05","42713"
"L'Montagne","L'Montagne","LM 18","LM_18","","2,178445936","2026/03/05","39664"
"L'Montagne","L'Montagne","LM 19","LM_19","","1,416200545","2026/03/05","64659"
"L'Montagne","L'Montagne","LM 20","LM_20","","1,416200545","2026/03/05","93025"
"L'Montagne","L'Montagne","LM 21","LM_21","","2,178445936","2026/03/05","41453"
"L'Montagne","L'Montagne","LM 22","LM_22","","2,178445936","2026/03/05","29577"
"L'Montagne","L'Montagne","LM 23","LM_23","","1,416200545","2026/03/05","3672"
"L'Montagne","L'Montagne","LM 24","LM_24","","1,416200545","2026/03/05","4901"
"L'Montagne","L'Montagne","LM 25","LM_25","","2,178445936","2026/03/05","56627"
"L'Montagne","L'Montagne","LM 26","LM_26","","3,009977877","2026/03/05","97048"
"L'Montagne","L'Montagne","LM 27","LM_27","","1,416200545","2026/03/05","15745"
"L'Montagne","L'Montagne","LM 28A","LM_28A","","1,416200545","2026/03/05","95010"
"L'Montagne","L'Montagne","LM 29","LM_29","","2,178445936","2026/03/05","3905"
"L'Montagne","L'Montagne","LM 30A","LM_30A","","2,178445936","2026/03/05","3247"
"L'Montagne","L'Montagne","LM 31","LM_31","","1,416200545","2026/03/05","51315"
"L'Montagne","L'Montagne","LM 32","LM_32","","1,416200545","2026/03/05","67279"
"L'Montagne","L'Montagne","LM 33A","LM_33A","","2,178445936","2026/03/05","17269"
"L'Montagne","L'Montagne","LM 34","LM_34","","2,178445936","2026/03/05","35630"
"L'Montagne","L'Montagne","LM 35","LM_35","","1,416200545","2026/03/05","99517"
"L'Montagne","L'Montagne","LM 36","LM_36","","1,416200545","2026/03/05","15482"
"L'Montagne","L'Montagne","LM 37B","LM_37B","","2,178445936","2026/03/05","1288"
"L'Montagne","L'Montagne","LM 38","LM_38","","2,98688236","2026/03/05","10500"
"L'Montagne","L'Montagne","LM 39","LM_39","","1,416200545","2026/03/05","25984"
"L'Montagne","L'Montagne","LM 40","LM_40","","1,416200545","2026/03/05","10943"
"L'Montagne","L'Montagne","LM 41","LM_41","","2,178445936","2026/03/05","14642"
"L'Montagne","L'Montagne","LM 42","LM_42","","2,825213744","2026/03/05","41783"
"L'Montagne","L'Montagne","LM 43","LM_43","","1,416200545","2026/03/05","14876"
"L'Montagne","L'Montagne","LM 44","LM_44","","1,416200545","2026/03/05","21676"
"L'Montagne","L'Montagne","LM 45","LM_45","","2,178445936","2026/03/05","43766"
"L'Montagne","L'Montagne","LM 46","LM_46","","2,178445936","2026/03/05","35835"
"L'Montagne","L'Montagne","LM 47A","LM_47A","","1,416200545","2026/03/05","87304"
"L'Montagne","L'Montagne","LM 48A","LM_48A","","1,416200545","2026/03/05","10092"
"L'Montagne","L'Montagne","LM 49","LM_49","","5,389122785","2026/03/05","8613"
"L'Montagne","L'Montagne","LM 50","LM_50","","5,250536351","2026/03/05","7586"
"L'Montagne","L'Montagne","Bulk 1","Bulk_1","",,"2026/03/05","371308"
"Magnolia Gardens","Magnolia Gardens","MG 01","MG_01","","2,8610979","2019-09","40711"
"Magnolia Gardens","Magnolia Gardens","MG 02","MG_02","","2,7826639","2019-09","36770"
"Magnolia Gardens","Magnolia Gardens","MG 03A","MG_03A","","2,7826639","2019-09","91014"
"Magnolia Gardens","Magnolia Gardens","MG 04","MG_04","","2,8414682","2019-09","21045"
"Magnolia Gardens","Magnolia Gardens","MG 05","MG_05","","2,8610979","2019-09","41838"
"Magnolia Gardens","Magnolia Gardens","MG 06","MG_06","","2,7826639","2019-09","93695"
"Magnolia Gardens","Magnolia Gardens","MG 07","MG_07","","2,8610979","2019-09","95015"
"Magnolia Gardens","Magnolia Gardens","MG 08","MG_08","","2,8610979","2019-09","32569"
"Magnolia Gardens","Magnolia Gardens","MG 09","MG_09","","2,8414682","2019-09","19386"
"Magnolia Gardens","Magnolia Gardens","MG 10","MG_10","","2,8022938","2019-09","44773"
"Magnolia Gardens","Magnolia Gardens","MG 11","MG_11","","2,8610979","2019-09","6648"
"Magnolia Gardens","Magnolia Gardens","MG 12","MG_12","","2,8610979","2019-09","62368"
"Magnolia Gardens","Magnolia Gardens","MG 13","MG_13","","2,8022938","2019-09","33003"
"Magnolia Gardens","Magnolia Gardens","MG 14","MG_14","","3,2333546","2019-09","65065"
"Magnolia Gardens","Magnolia Gardens","MG 15","MG_15","","2,8414682","2019-09","47225"
"Magnolia Gardens","Magnolia Gardens","MG 16","MG_16","","2,8414682","2019-09","20953"
"Magnolia Gardens","Magnolia Gardens","MG 17","MG_17","","2,7826639","2019-09","86883"
"Magnolia Gardens","Magnolia Gardens","MG 18","MG_18","","2,7826639","2019-09","27825"
"Magnolia Gardens","Magnolia Gardens","MG 19","MG_19","","3,3117888","2019-09","754"
"Magnolia Gardens","Magnolia Gardens","MG 20","MG_20","","2,8806711","2019-09","6890"
"Magnolia Gardens","Magnolia Gardens","MG 21","MG_21","","2,7042867","2019-09","36749"
"Magnolia Gardens","Magnolia Gardens","MG 22","MG_22","","2,7042867","2019-09","3908"
"Magnolia Gardens","Magnolia Gardens","MG 23","MG_23","","2,7238595","2019-09","99933"
"Magnolia Gardens","Magnolia Gardens","MG 24","MG_24","","2,7042867","2019-09","25546"
"Magnolia Gardens","Magnolia Gardens","MG 25","MG_25","","2,7042867","2019-09","8813"
"Magnolia Gardens","Magnolia Gardens","MG 26","MG_26","","2,7042867","2019-09","15842"
"Magnolia Gardens","Magnolia Gardens","MG 27","MG_27","","2,7042867","2019-09","80655"
"Magnolia Gardens","Magnolia Gardens","MG 28","MG_28","","3,6644726","2019-09","79358"
"Magnolia Gardens","Magnolia Gardens","MG 29","MG_29","","2,7042867","2019-09","5845"
"Magnolia Gardens","Magnolia Gardens","MG 30","MG_30","","2,7042867","2019-09","85323"
"Magnolia Gardens","Magnolia Gardens","MG 31A","MG_31A","","3,6644726","2019-09","54577"
"Magnolia Gardens","Magnolia Gardens","MG 32","MG_32","","2,7238595","2019-09","53017"
"Magnolia Gardens","Magnolia Gardens","MG 33","MG_33","","2,7042867","2019-09","22173"
"Magnolia Gardens","Magnolia Gardens","MG 34","MG_34","","2,7042867","2019-09","46281"
"Magnolia Gardens","Magnolia Gardens","MG 35","MG_35","","2,7042867","2019-09","95548"
"Magnolia Gardens","Magnolia Gardens","Bulk 1","Bulk_1","",,"2019-09","346509"
"Panarama View","Panarama View","PV 01","PV_01","1","1,2608","2020/11/06","36913"
"Panarama View","Panarama View","PV 02A","PV_02A","","1,2608","2020/11/06","92410"
"Panarama View","Panarama View","PV 03","PV_03","","1,2608","2020/11/06","20452"
"Panarama View","Panarama View","PV 04A","PV_04A","","1,2608","2020/11/06","35394"
"Panarama View","Panarama View","PV 05","PV_05","","1,2608","2020/11/06","8542"
"Panarama View","Panarama View","PV 06","PV_06","","1,2607001","2020/11/06","89554"
"Panarama View","Panarama View","PV 07","PV_07","","1,2829","2020/11/06","32363"
"Panarama View","Panarama View","PV 08","PV_08","","1,2829","2020/11/06","51089"
"Panarama View","Panarama View","PV 09","PV_09","","0,7299","2020/11/06","56048"
"Panarama View","Panarama View","PV 10","PV_10","","0,7299","2020/11/06","81119"
"Panarama View","Panarama View","PV 11B","PV_11B","","0,7299","2020/11/06","63601"
"Panarama View","Panarama View","PV 12","PV_12","","0,7299","2020/11/06","70236"
"Panarama View","Panarama View","PV 13","PV_13","","1,5262001","2020/11/06","51276"
"Panarama View","Panarama View","PV 14","PV_14","1","1,5262001","2020/11/06","41111"
"Panarama View","Panarama View","PV 15A","PV_15A","1","1,5483001","2020/11/06","33596"
"Panarama View","Panarama View","PV 16A","PV_16A","1","1,5483001","2020/11/06","49968"
"Panarama View","Panarama View","PV 17","PV_17","","1,2608","2020/11/06","29953"
"Panarama View","Panarama View","PV 18 A","PV_18_A","","1,2829","2020/11/06","55385"
"Panarama View","Panarama View","PV 19","PV_19","1","1,2608","2020/11/06","32887"
"Panarama View","Panarama View","PV 20","PV_20","","1,2608","2020/11/06","38484"
"Panarama View","Panarama View","PV 21","PV_21","","1,2829","2020/11/06","6131"
"Panarama View","Panarama View","PV 22A","PV_22A","","1,2608","2020/11/06","33231"
"Panarama View","Panarama View","PV 23","PV_23","1","1,2829","2020/11/06","21638"
"Panarama View","Panarama View","PV 24A","PV_24A","","1,2608","2020/11/06","91362"
"Panarama View","Panarama View","PV 25","PV_25","","1,2608","2020/11/06","11839"
"Panarama View","Panarama View","PV 26","PV_26","","1,2608","2020/11/06","23633"
"Panarama View","Panarama View","PV 27A","PV_27A","","1,2608","2020/11/06","25440"
"Panarama View","Panarama View","PV 28","PV_28","","1,2829","2020/11/06","20373"
"Panarama View","Panarama View","PV 29","PV_29","1","1,2829","2020/11/06","96155"
"Panarama View","Panarama View","PV 30","PV_30","1","1,2829","2020/11/06","8590"
"Panarama View","Panarama View","PV 31A","PV_31A","","1,2829","2020/11/06","36905"
"Panarama View","Panarama View","PV 32","PV_32","","1,2829","2020/11/06","38540"
"Panarama View","Panarama View","PV 33","PV_33","","1,2829","2020/11/06","19481"
"Panarama View","Panarama View","PV 34","PV_34","","1,2608","2020/11/06","32304"
"Panarama View","Panarama View","PV 35","PV_35","1","1,2829","2020/11/06","87131"
"Panarama View","Panarama View","PV 36","PV_36","1","1,2829","2020/11/06","29689"
"Panarama View","Panarama View","PV 37","PV_37","","0,9069","2020/11/06","17134"
"Panarama View","Panarama View","PV 38","PV_38","","0,9069","2020/11/06","78553"
"Panarama View","Panarama View","PV 39","PV_39","","0,9069","2020/11/06","3099"
"Panarama View","Panarama View","PV 40","PV_40","","0,9069","2020/11/06","4391"
"Panarama View","Panarama View","PV 41","PV_41","1","0,9069","2020/11/06","53094"
"Panarama View","Panarama View","PV 42","PV_42","","0,9069","2020/11/06","49998"
"Panarama View","Panarama View","PV 43","PV_43","1","0,9069","2020/11/06","91018"
"Panarama View","Panarama View","PV 44","PV_44","","0,9069","2020/11/06","65771"
"Panarama View","Panarama View","PV 45","PV_45","","0,9069","2020/11/06","22480"
"Panarama View","Panarama View","PV 46","PV_46","1","0,9069","2020/11/06","69965"
"Panarama View","Panarama View","PV 47","PV_47","","0,9069","2020/11/06","57766"
"Panarama View","Panarama View","PV 48","PV_48","","0,9069","2020/11/06","88172"
"Panarama View","Panarama View","PV 49","PV_49","","1,2608","2020/11/06","86747"
"Panarama View","Panarama View","PV 50","PV_50","","1,2829","2020/11/06","8422"
"Panarama View","Panarama View","PV 51","PV_51","","1,2608","2020/11/06","79782"
"Panarama View","Panarama View","PV 52","PV_52","","1,2829","2020/11/06","91730"
"Panarama View","Panarama View","PV 53A","PV_53A","1","0,7299","2020/11/06","67368"
"Panarama View","Panarama View","PV 54","PV_54","","0,7520001","2020/11/06","19953"
"Panarama View","Panarama View","PV 55","PV_55","","0,7299","2020/11/06","39533"
"Panarama View","Panarama View","PV 56","PV_56","","0,7520001","2020/11/06","50181"
"Panarama View","Panarama View","PV 57A","PV_57A","1","1,5483001","2020/11/06","40670"
"Panarama View","Panarama View","PV 58","PV_58","","1,5483001","2020/11/06","587"
"Panarama View","Panarama View","PV 59","PV_59","","1,5483001","2020/11/06","22257"
"Panarama View","Panarama View","PV 60","PV_60","","1,5262001","2020/11/06","82062"
"Panarama View","Panarama View","PV 61","PV_61","","1,5262001","2020/11/06","26438"
"Panarama View","Panarama View","PV 62","PV_62","","1,5262001","2020/11/06","22282"
"Panarama View","Panarama View","PV 63","PV_63","","1,5483001","2020/11/06","6341"
"Panarama View","Panarama View","PV 64","PV_64","","1,5483001","2020/11/06","30617"
"Panarama View","Panarama View","PV 65A","PV_65A","","0,9069","2020/11/06","87082"
"Panarama View","Panarama View","PV 66","PV_66","","0,9069","2020/11/06","76177"
"Panarama View","Panarama View","PV 67","PV_67","1","0,9069","2020/11/06","83719"
"Panarama View","Panarama View","PV 68A","PV_68A","1","0,9069","2020/11/06","5676"
"Panarama View","Panarama View","PV 69","PV_69","1","1,2829","2020/11/06","30043"
"Panarama View","Panarama View","PV 70","PV_70","1","1,2829","2020/11/06","85594"
"Panarama View","Panarama View","PV 71","PV_71","1","1,2829","2020/11/06","17440"
"Panarama View","Panarama View","PV 72","PV_72","","1,2829","2020/11/06","20352"
"Panarama View","Panarama View","PV 73","PV_73","1","1,2608","2020/11/06","29688"
"Panarama View","Panarama View","PV 74","PV_74","","1,2829","2020/11/06","19457"
"Panarama View","Panarama View","PV 75","PV_75","","1,2608","2020/11/06","60922"
"Panarama View","Panarama View","PV 76","PV_76","","1,2829","2020/11/06","111463"
"Panarama View","Panarama View","PV 77","PV_77","1","1,2829","2020/11/06","28562"
"Panarama View","Panarama View","PV 78","PV_78","","1,2608","2020/11/06","15544"
"Panarama View","Panarama View","PV 79","PV_79","1","1,2829","2020/11/06","11666"
"Panarama View","Panarama View","PV 80","PV_80","","1,2829","2020/11/06","84134"
"Panarama View","Panarama View","PV 81","PV_81","1","1,2829","2020/11/06","55992"
"Panarama View","Panarama View","PV 82","PV_82","","1,2829","2020/11/06","73807"
"Panarama View","Panarama View","PV 83","PV_83","","1,2829","2020/11/06","9711"
"Panarama View","Panarama View","PV 84","PV_84","","1,2829","2020/11/06","10377"
"Panarama View","Panarama View","Bulk 1","Bulk_1","",,"2020/11/06","2979304"
"Queensgate","Queensgate","QG 01","QG_01","","1,8868","2026/03/05","40727"
"Queensgate","Queensgate","QG 02A","QG_02A","","1,8868","2026/03/05","53032"
"Queensgate","Queensgate","QG 03A","QG_03A","","1,8868","2026/03/05","27213"
"Queensgate","Queensgate","QG 04","QG_04","","1,8868","2026/03/05","38783"
"Queensgate","Queensgate","QG 05","QG_05","","1,8868","2026/03/05","48507"
"Queensgate","Queensgate","QG 06","QG_06","","1,8868","2026/03/05","20573"
"Queensgate","Queensgate","QG 07","QG_07","","1,8868","2026/03/05","12585"
"Queensgate","Queensgate","QG 08","QG_08","","1,8868","2026/03/05","8211"
"Queensgate","Queensgate","QG 09","QG_09","","1,8868","2026/03/05","30882"
"Queensgate","Queensgate","QG 10","QG_10","","1,8868","2026/03/05","41937"
"Queensgate","Queensgate","QG 11","QG_11","","1,8868","2026/03/05","26630"
"Queensgate","Queensgate","QG 12","QG_12","","1,8868","2026/03/05","29174"
"Queensgate","Queensgate","QG 13","QG_13","","1,8868","2026/03/05","36638"
"Queensgate","Queensgate","QG 14A","QG_14A","","1,8868","2026/03/05","7031"
"Queensgate","Queensgate","QG 15","QG_15","","1,8868","2026/03/05","19680"
"Queensgate","Queensgate","QG 16","QG_16","","1,8868","2026/03/05","12541"
"Queensgate","Queensgate","QG 17","QG_17","","1,8868","2026/03/05","34220"
"Queensgate","Queensgate","QG 18","QG_18","","1,8868","2026/03/05","54609"
"Queensgate","Queensgate","QG 19","QG_19","","1,8868","2026/03/05","24397"
"Queensgate","Queensgate","QG 20","QG_20","","1,8868","2026/03/05","16319"
"Queensgate","Queensgate","QG 21A","QG_21A","","1,8868","2026/03/05","29745"
"Queensgate","Queensgate","QG 22A","QG_22A","","1,8868","2026/03/05","11990"
"Queensgate","Queensgate","QG 23","QG_23","","1,8868","2026/03/05","37003"
"Queensgate","Queensgate","QG 24","QG_24","","1,8868","2026/03/05","26393"
"Queensgate","Queensgate","QG 25","QG_25","","1,8868","2026/03/05","13773"
"Queensgate","Queensgate","QG 26","QG_26","","1,8868","2026/03/05","23550"
"Queensgate","Queensgate","QG 27","QG_27","","1,8868","2026/03/05","23586"
"Queensgate","Queensgate","QG 28","QG_28","","1,8868","2026/03/05","13797"
"Queensgate","Queensgate","QG 29","QG_29","","1,8868","2026/03/05","38741"
"Queensgate","Queensgate","QG 30A","QG_30A","","1,8868","2026/03/05","24939"
"Queensgate","Queensgate","QG 31","QG_31","","1,8868","2026/03/05","30073"
"Queensgate","Queensgate","QG 32","QG_32","","1,8868","2026/03/05","5299"
"Queensgate","Queensgate","QG 33","QG_33","","1,8868","2026/03/05","16038"
"Queensgate","Queensgate","QG 34","QG_34","","1,8868","2026/03/05","38645"
"Queensgate","Queensgate","QG 35","QG_35","","1,8868","2026/03/05","41318"
"Queensgate","Queensgate","QG 36","QG_36","","1,8868","2026/03/05","5532"
"Queensgate","Queensgate","QG 37","QG_37","","1,8868","2026/03/05","60819"
"Queensgate","Queensgate","QG  38A","QG_38A","","1,8868","2026/03/05","44220"
"Queensgate","Queensgate","QG 39","QG_39","","1,8868","2026/03/05","30480"
"Queensgate","Queensgate","QG 40","QG_40","","1,8868","2026/03/05","45700"
"Queensgate","Queensgate","QG 41","QG_41","","1,8868","2026/03/05","37982"
"Queensgate","Queensgate","QG 42","QG_42","","1,8868","2026/03/05","2042"
"Queensgate","Queensgate","QG 43","QG_43","","1,8868","2026/03/05","16895"
"Queensgate","Queensgate","QG 44","QG_44","","1,8868","2026/03/05","38898"
"Queensgate","Queensgate","QG 45","QG_45","","1,8868","2026/03/05","36213"
"Queensgate","Queensgate","QG 46","QG_46","","1,8868","2026/03/05","31267"
"Queensgate","Queensgate","QG 47","QG_47","","1,8868","2026/03/05","32712"
"Queensgate","Queensgate","QG 48","QG_48","","1,8868","2026/03/05","45010"
"Queensgate","Queensgate","QG 49","QG_49","","1,8868","2026/03/05","29881"
"Queensgate","Queensgate","QG 50","QG_50","","1,8868","2026/03/05","30149"
"Queensgate","Queensgate","QG 51","QG_51","","1,8868","2026/03/05","24562"
"Queensgate","Queensgate","QG 52","QG_52","","1,8868","2026/03/05","13839"
"Queensgate","Queensgate","QG 53","QG_53","","1,8868","2026/03/05","39834"
"Queensgate","Queensgate","Bulk 1","Bulk_1","",,"2026/03/05","992655"
"Rivonia Gate","Rivonia Gate","RG 01","RG_01","","6,7154","2026/03/01","909488"
"Rivonia Gate","Rivonia Gate","RG 02A","RG_02A","","6,1738","2026/03/01","339369"
"Rivonia Gate","Rivonia Gate","RG 03","RG_03","","4,5221","2026/03/01","347395"
"Rivonia Gate","Rivonia Gate","RG 04","RG_04","","8,6921","2026/03/01","5107"
"Rivonia Gate","Rivonia Gate","RG 05","RG_05","","6,0655","2026/03/01","0"
"Rivonia Gate","Rivonia Gate","RG 06","RG_06","","6,7154","2026/03/01","417773"
"Rivonia Gate","Rivonia Gate","RG 07A","RG_07A","","4,5221","2026/03/01","192165"
"Rivonia Gate","Rivonia Gate","RG 08","RG_08","","8,9087","2026/03/01","0"
"Rivonia Gate","Rivonia Gate","RG 09","RG_09","","6,8508","2026/03/01","194503"
"Rivonia Gate","Rivonia Gate","RG 10A","RG_10A","","6,1738","2026/03/01","5142"
"Rivonia Gate","Rivonia Gate","RG 11","RG_11","","5,2261","2026/03/01","714149"
"Rivonia Gate","Rivonia Gate","RG 12","RG_12","","5,6323","2026/03/01","894913"
"Rivonia Gate","Rivonia Gate","RG 13","RG_13","","6,4446","2026/03/01","535327"
"Rivonia Gate","Rivonia Gate","RG 14","RG_14","","6,2009","2026/03/01","0"
"Rivonia Gate","Rivonia Gate","RG 15 A","RG_15_A","","5,2261","2026/03/01","672640"
"Rivonia Gate","Rivonia Gate","RG 16","RG_16","","5,9301","2026/03/01","711852"
"Rivonia Gate","Rivonia Gate","Bulk 1","Bulk_1","",,"2026/03/01","7410455"
"Riviera Villas","Riviera Villas","RV 26A","RV_26A","",,"2020-10","80614"
"Riviera Villas","Riviera Villas","RV 27A","RV_27A","",,"2020-10","4927"
"Riviera Villas","Riviera Villas","RV 28A","RV_28A","",,"2020-10","31344"
"Riviera Villas","Riviera Villas","RV 29A","RV_29A","",,"2020-10","7"
"Riviera Villas","Riviera Villas","RV 30A","RV_30A","",,"2020-10","35736"
"Riviera Villas","Riviera Villas","RV 31A","RV_31A","",,"2020-10","52508"
"Riviera Villas","Riviera Villas","RV 32A","RV_32A","",,"2020-10","14004"
"Riviera Villas","Riviera Villas","RV 33A","RV_33A","",,"2020-10","21633"
"Riviera Villas","Riviera Villas","RV 34A","RV_34A","",,"2020-10","20345"
"Riviera Villas","Riviera Villas","RV 35A","RV_35A","",,"2020-10","86236"
"Riviera Villas","Riviera Villas","RV 35B","RV_35B","",,"2020-10","29689"
"Riviera Villas","Riviera Villas","RV 36A","RV_36A","",,"2020-10","80908"
"Riviera Villas","Riviera Villas","RV 36B","RV_36B","",,"2020-10","46891"
"Riviera Villas","Riviera Villas","RV 37A","RV_37A","",,"2020-10","4166"
"Riviera Villas","Riviera Villas","RV 37B","RV_37B","",,"2020-10","31295"
"Riviera Villas","Riviera Villas","RV 38A","RV_38A","",,"2020-10","85297"
"Riviera Villas","Riviera Villas","RV 38B","RV_38B","",,"2020-10","86505"
"Riviera Villas","Riviera Villas","RV 39A","RV_39A","",,"2020-10","33243"
"Riviera Villas","Riviera Villas","RV 39B","RV_39B","",,"2020-10","38864"
"Riviera Villas","Riviera Villas","RV 40A","RV_40A","",,"2020-10","76464"
"Riviera Villas","Riviera Villas","RV 40B","RV_40B","",,"2020-10","19344"
"Riviera Villas","Riviera Villas","RV 41A","RV_41A","",,"2020-10","67429"
"Riviera Villas","Riviera Villas","RV 41B","RV_41B","",,"2020-10","54627"
"Riviera Villas","Riviera Villas","RV 42A","RV_42A","",,"2020-10","81453"
"Riviera Villas","Riviera Villas","RV 42B","RV_42B","",,"2020-10","4205"
"Riviera Villas","Riviera Villas","RV 43A A","RV_43A_A","",,"2020-10","34070"
"Riviera Villas","Riviera Villas","RV 43B","RV_43B","",,"2020-10","81043"
"Riviera Villas","Riviera Villas","RV 44A","RV_44A","",,"2020-10","89275"
"Riviera Villas","Riviera Villas","RV 44B","RV_44B","",,"2020-10","43620"
"Riviera Villas","Riviera Villas","RV 45A","RV_45A","",,"2020-10","5587"
"Riviera Villas","Riviera Villas","RV 45B","RV_45B","",,"2020-10","52395"
"Riviera Villas","Riviera Villas","RV 46A","RV_46A","",,"2020-10","34662"
"Riviera Villas","Riviera Villas","RV 46B A","RV_46B_A","",,"2020-10","43460"
"Riviera Villas","Riviera Villas","RV 47A","RV_47A","",,"2020-10","88306"
"Riviera Villas","Riviera Villas","RV 47B","RV_47B","",,"2020-10","94794"
"Riviera Villas","Riviera Villas","RV 48A","RV_48A","",,"2020-10","89360"
"Riviera Villas","Riviera Villas","RV 48B","RV_48B","",,"2020-10","98731"
"Riviera Villas","Riviera Villas","RV 49A","RV_49A","",,"2020-10","78150"
"Riviera Villas","Riviera Villas","RV 49B","RV_49B","",,"2020-10","75400"
"Riviera Villas","Riviera Villas","RV 50A A","RV_50A_A","",,"2020-10","61292"
"Riviera Villas","Riviera Villas","RV 50B","RV_50B","",,"2020-10","76363"
"Riviera Villas","Riviera Villas","RV 51A","RV_51A","",,"2020-10","29941"
"Riviera Villas","Riviera Villas","RV 51B","RV_51B","",,"2020-10","46527"
"Riviera Villas","Riviera Villas","RV 52A","RV_52A","",,"2020-10","67804"
"Riviera Villas","Riviera Villas","RV 52B","RV_52B","",,"2020-10","18015"
"Riviera Villas","Riviera Villas","RV 53A","RV_53A","",,"2020-10","10636"
"Riviera Villas","Riviera Villas","RV 53B","RV_53B","",,"2020-10","46639"
"Riviera Villas","Riviera Villas","RV 54A","RV_54A","",,"2020-10","36464"
"Riviera Villas","Riviera Villas","RV 54B","RV_54B","",,"2020-10","45905"
"Riviera Villas","Riviera Villas","RV 55A","RV_55A","",,"2020-10","6052"
"Riviera Villas","Riviera Villas","RV 55B","RV_55B","",,"2020-10","51057"
"Riviera Villas","Riviera Villas","RV 56A","RV_56A","",,"2020-10","6606"
"Riviera Villas","Riviera Villas","RV 56B","RV_56B","",,"2020-10","44709"
"Riviera Villas","Riviera Villas","RV 57A","RV_57A","",,"2020-10","45609"
"Riviera Villas","Riviera Villas","RV 57B","RV_57B","",,"2020-10","1693"
"Riviera Villas","Riviera Villas","RV 58A","RV_58A","",,"2020-10","46854"
"Riviera Villas","Riviera Villas","RV 58B","RV_58B","",,"2020-10","13929"
"Riviera Villas","Riviera Villas","RV 59A","RV_59A","",,"2020-10","67028"
"Riviera Villas","Riviera Villas","RV 59B","RV_59B","",,"2020-10","21260"
"Riviera Villas","Riviera Villas","RV 60A","RV_60A","",,"2020-10","24775"
"Riviera Villas","Riviera Villas","RV 60B","RV_60B","",,"2020-10","29397"
"Riviera Villas","Riviera Villas","RV 61A","RV_61A","",,"2020-10","90421"
"Riviera Villas","Riviera Villas","RV 62A","RV_62A","",,"2020-10","56180"
"Riviera Villas","Riviera Villas","RV 62B","RV_62B","",,"2020-10","64319"
"Riviera Villas","Riviera Villas","RV 63A A","RV_63A_A","",,"2020-10","54225"
"Riviera Villas","Riviera Villas","RV 63B","RV_63B","",,"2020-10","73908"
"Riviera Villas","Riviera Villas","RV 64A","RV_64A","",,"2020-10","16178"
"Riviera Villas","Riviera Villas","Bulk 1","Bulk_1","",,"2020-10","5140"
"Riviera Villas","Riviera Villas","Bulk 2","Bulk_2","",,"2020-10","3813"
"Riviera Villas","Riviera Villas","Bulk 3","Bulk_3","",,"2020-10","198508"
"Stonecrest","Stonecrest","SC 001","SC_001","1","0,380473517","2020/01/30","47951"
"Stonecrest","Stonecrest","SC 002","SC_002","1","0,441345346","2020/01/30","67841"
"Stonecrest","Stonecrest","SC 003","SC_003","1","0,446975253","2020/01/30","32701"
"Stonecrest","Stonecrest","SC 004","SC_004","1","0,373294771","2020/01/30","30396"
"Stonecrest","Stonecrest","SC 005","SC_005","1","0,481590574","2020/01/30","32447"
"Stonecrest","Stonecrest","SC 006","SC_006","1","0,394953932","2020/01/30","20581"
"Stonecrest","Stonecrest","SC 007A","SC_007A","1","0,402132677","2020/01/30","27510"
"Stonecrest","Stonecrest","SC 008","SC_008","1","0,394953932","2020/01/30","28052"
"Stonecrest","Stonecrest","SC 009","SC_009","1","0,387676847","2020/01/30","26191"
"Stonecrest","Stonecrest","SC 010","SC_010","1","0,481590574","2020/01/30","32701"
"Stonecrest","Stonecrest","SC 011","SC_011","1","0,81486138","2020/01/30","92448"
"Stonecrest","Stonecrest","SC 012","SC_012","1","0,82206471","2020/01/30","96417"
"Stonecrest","Stonecrest","SC 013","SC_013","1","0,474387244","2020/01/30","32119"
"Stonecrest","Stonecrest","SC 014","SC_014","1","0,394953932","2020/01/30","32484"
"Stonecrest","Stonecrest","SC 015A","SC_015A","1","0,402132677","2020/01/30","31136"
"Stonecrest","Stonecrest","SC 016","SC_016","1","0,402132677","2020/01/30","15465"
"Stonecrest","Stonecrest","SC 017","SC_017","1","0,394953932","2020/01/30","33143"
"Stonecrest","Stonecrest","SC 018","SC_018","1","0,474387244","2020/01/30","40180"
"Stonecrest","Stonecrest","SC 019A","SC_019A","1","0,864399642","2020/01/30","63302"
"Stonecrest","Stonecrest","SC 020A","SC_020A","1","0,871602972","2020/01/30","51982"
"Stonecrest","Stonecrest","SC 021","SC_021","1","0,871602972","2020/01/30","65008"
"Stonecrest","Stonecrest","SC 022 A","SC_022_A","1","0,373294771","2020/01/30","38078"
"Stonecrest","Stonecrest","SC 023","SC_023","1","0,446975253","2020/01/30","40010"
"Stonecrest","Stonecrest","SC 024","SC_024","1","0,481590574","2020/01/30","45923"
"Stonecrest","Stonecrest","SC 025","SC_025","1","0,394953932","2020/01/30","31315"
"Stonecrest","Stonecrest","SC 026","SC_026","1","0,387676847","2020/01/30","30358"
"Stonecrest","Stonecrest","SC 027","SC_027","1","0,878880057","2020/01/30","31942"
"Stonecrest","Stonecrest","SC 028","SC_028","","0,900465463","2020/01/30","92889"
"Stonecrest","Stonecrest","SC 029A","SC_029A","1","0,849943812","2020/01/30","52218"
"Stonecrest","Stonecrest","SC 030","SC_030","1","0,864399642","2020/01/30","51572"
"Stonecrest","Stonecrest","SC 031","SC_031","1","0,871602972","2020/01/30","58609"
"Stonecrest","Stonecrest","SC 032","SC_032","1","0,871602972","2020/01/30","68156"
"Stonecrest","Stonecrest","SC 033A","SC_033A","1","0,373294771","2020/01/30","43058"
"Stonecrest","Stonecrest","SC 034","SC_034","1","0,439796507","2020/01/30","42825"
"Stonecrest","Stonecrest","SC 035","SC_035","1","0,434142016","2020/01/30","39029"
"Stonecrest","Stonecrest","SC 036","SC_036","1","0,380473517","2020/01/30","55161"
"Stonecrest","Stonecrest","SC 037","SC_037","1","0,459931413","2020/01/30","31289"
"Stonecrest","Stonecrest","SC 038","SC_038","","0,409409762","2020/01/30","15045"
"Stonecrest","Stonecrest","SC 039","SC_039","1","0,394953932","2020/01/30","21931"
"Stonecrest","Stonecrest","SC 040","SC_040","1","0,402132677","2020/01/30","37306"
"Stonecrest","Stonecrest","SC 041A","SC_041A","1","0,409409762","2020/01/30","38442"
"Stonecrest","Stonecrest","SC 042","SC_042","1","0,481590574","2020/01/30","26303"
"Stonecrest","Stonecrest","SC 043","SC_043","1","0,871602972","2020/01/30","59312"
"Stonecrest","Stonecrest","SC 044","SC_044","1","0,864399642","2020/01/30","61088"
"Stonecrest","Stonecrest","SC 045","SC_045","1","0,878880057","2020/01/30","49648"
"Stonecrest","Stonecrest","SC 046","SC_046","1","0,886058802","2020/01/30","74147"
"Stonecrest","Stonecrest","SC 047","SC_047","1","0,878880057","2020/01/30","47721"
"Stonecrest","Stonecrest","SC 048","SC_048","1","0,878880057","2020/01/30","63817"
"Stonecrest","Stonecrest","SC 049","SC_049","1","0,871652142","2020/01/30","29929"
"Stonecrest","Stonecrest","SC 050","SC_050","1","0,864399642","2020/01/30","57289"
"Stonecrest","Stonecrest","SC 051","SC_051","1","0,878880057","2020/01/30","87284"
"Stonecrest","Stonecrest","SC 052","SC_052","1","0,878880057","2020/01/30","74166"
"Stonecrest","Stonecrest","SC 053","SC_053","1","0,878880057","2020/01/30","50561"
"Stonecrest","Stonecrest","SC 054","SC_054","1","0,878880057","2020/01/30","106954"
"Stonecrest","Stonecrest","SC 055A","SC_055A","1","0,878880057","2020/01/30","53636"
"Stonecrest","Stonecrest","SC 056","SC_056","1","0,893335887","2020/01/30","71482"
"Stonecrest","Stonecrest","SC 057","SC_057","1","0,885493353","2020/01/30","63069"
"Stonecrest","Stonecrest","SC 058","SC_058","1","0,878880057","2020/01/30","27280"
"Stonecrest","Stonecrest","SC 059","SC_059","1","0,864399642","2020/01/30","44669"
"Stonecrest","Stonecrest","SC 060","SC_060","1","0,878880057","2020/01/30","65290"
"Stonecrest","Stonecrest","SC 061A","SC_061A","1","0,900465463","2020/01/30","64228"
"Stonecrest","Stonecrest","SC 062","SC_062","1","0,857220896","2020/01/30","73392"
"Stonecrest","Stonecrest","SC 063","SC_063","1","0,488867659","2020/01/30","41493"
"Stonecrest","Stonecrest","SC 064","SC_064","1","0,409409762","2020/01/30","36341"
"Stonecrest","Stonecrest","SC 065","SC_065","1","0,394953932","2020/01/30","32725"
"Stonecrest","Stonecrest","SC 066","SC_066","1","0,878880057","2020/01/30","49412"
"Stonecrest","Stonecrest","SC 067","SC_067","1","0,871602972","2020/01/30","61028"
"Stonecrest","Stonecrest","SC 068","SC_068","1","0,871602972","2020/01/30","93905"
"Stonecrest","Stonecrest","SC 069","SC_069","1","0,871602972","2020/01/30","92800"
"Stonecrest","Stonecrest","SC 070","SC_070","1","0,871602972","2020/01/30","67476"
"Stonecrest","Stonecrest","SC 071","SC_071","1","0,871602972","2020/01/30","74984"
"Stonecrest","Stonecrest","SC 072","SC_072","1","0,886058802","2020/01/30","83866"
"Stonecrest","Stonecrest","SC 073","SC_073","1","0,886058802","2020/01/30","70831"
"Stonecrest","Stonecrest","SC 074","SC_074","","0,871602972","2020/01/30","77391"
"Stonecrest","Stonecrest","SC 075","SC_075","1","0,893335887","2020/01/30","57405"
"Stonecrest","Stonecrest","SC 076","SC_076","1","0,900465463","2020/01/30","79398"
"Stonecrest","Stonecrest","SC 077A","SC_077A","1","0,871602972","2020/01/30","61444"
"Stonecrest","Stonecrest","SC 078","SC_078","1","0,373294771","2020/01/30","30121"
"Stonecrest","Stonecrest","SC 079","SC_079","","0,441345346","2020/01/30","40077"
"Stonecrest","Stonecrest","SC 080","SC_080","1","0,474387244","2020/01/30","28253"
"Stonecrest","Stonecrest","SC 081","SC_081","1","0,394953932","2020/01/30","42057"
"Stonecrest","Stonecrest","SC 082","SC_082","1","0,394953932","2020/01/30","37276"
"Stonecrest","Stonecrest","SC 083","SC_083","1","1,03049418","2020/01/30","34006"
"Stonecrest","Stonecrest","SC 084","SC_084","","1,218297049","2020/01/30","11614"
"Stonecrest","Stonecrest","SC 085","SC_085","1","1,03049418","2020/01/30","19381"
"Stonecrest","Stonecrest","SC 086","SC_086","1","0,886058802","2020/01/30","75643"
"Stonecrest","Stonecrest","SC 087","SC_087","1","0,878880057","2020/01/30","48154"
"Stonecrest","Stonecrest","SC 088","SC_088","1","0,373294771","2020/01/30","3273"
"Stonecrest","Stonecrest","SC 089","SC_089","1","0,439796507","2020/01/30","21298"
"Stonecrest","Stonecrest","SC 090","SC_090","1","0,439796507","2020/01/30","33944"
"Stonecrest","Stonecrest","SC 091","SC_091","1","0,380473517","2020/01/30","39875"
"Stonecrest","Stonecrest","SC 092","SC_092","1","0,481590574","2020/01/30","37841"
"Stonecrest","Stonecrest","SC 093","SC_093","1","0,394953932","2020/01/30","36822"
"Stonecrest","Stonecrest","SC 094","SC_094","1","0,394953932","2020/01/30","32851"
"Stonecrest","Stonecrest","SC 095","SC_095","1","0,402132677","2020/01/30","29230"
"Stonecrest","Stonecrest","SC 096","SC_096","1","0,402132677","2020/01/30","29286"
"Stonecrest","Stonecrest","SC 097","SC_097","1","0,481590574","2020/01/30","40791"
"Stonecrest","Stonecrest","SC 098","SC_098","1","0,434142016","2020/01/30","39427"
"Stonecrest","Stonecrest","SC 099","SC_099","1","0,402132677","2020/01/30","34548"
"Stonecrest","Stonecrest","SC 100","SC_100","1","0,380473517","2020/01/30","28934"
"Stonecrest","Stonecrest","SC 101A","SC_101A","","0,439796507","2020/01/30","32067"
"Stonecrest","Stonecrest","SC 102","SC_102","1","0,866489345","2020/01/30","65934"
"Stonecrest","Stonecrest","SC 103","SC_103","1","0,448524092","2020/01/30","41669"
"Stonecrest","Stonecrest","SC 104A","SC_104A","1","0,373294771","2020/01/30","32083"
"Stonecrest","Stonecrest","SC 105","SC_105","1","0,394953932","2020/01/30","27192"
"Stonecrest","Stonecrest","SC 106","SC_106","1","0,394953932","2020/01/30","33592"
"Stonecrest","Stonecrest","SC 107","SC_107","1","0,481590574","2020/01/30","33713"
"Stonecrest","Stonecrest","SC 108","SC_108","1","0,380473517","2020/01/30","46290"
"Stonecrest","Stonecrest","SC 109","SC_109","1","0,434142016","2020/01/30","46227"
"Stonecrest","Stonecrest","SC 110","SC_110","1","0,434142016","2020/01/30","48398"
"Stonecrest","Stonecrest","SC 111","SC_111","1","0,373294771","2020/01/30","35824"
"Stonecrest","Stonecrest","SC 112","SC_112","1","0,366017687","2020/01/30","34499"
"Stonecrest","Stonecrest","SC 113","SC_113","1","0,441345346","2020/01/30","50230"
"Stonecrest","Stonecrest","SC 114A","SC_114A","1","0,439796507","2020/01/30","31328"
"Stonecrest","Stonecrest","SC 115","SC_115","1","0,380473517","2020/01/30","40767"
"Stonecrest","Stonecrest","SC 116 A","SC_116_A","1","0,481590574","2020/01/30","22303"
"Stonecrest","Stonecrest","SC 117A","SC_117A","1","0,394953932","2020/01/30","21742"
"Stonecrest","Stonecrest","SC 118A","SC_118A","1","0,394953932","2020/01/30","27771"
"Stonecrest","Stonecrest","SC 119","SC_119","1","0,394953932","2020/01/30","21722"
"Stonecrest","Stonecrest","SC 120","SC_120","1","0,394953932","2020/01/30","31892"
"Stonecrest","Stonecrest","SC 121","SC_121","1","0,481590574","2020/01/30","38467"
"Stonecrest","Stonecrest","SC 122","SC_122","1","0,452728083","2020/01/30","31911"
"Stonecrest","Stonecrest","SC 123A","SC_123A","","0,394953932","2020/01/30","22959"
"Stonecrest","Stonecrest","SC 124","SC_124","1","0,394953932","2020/01/30","28441"
"Stonecrest","Stonecrest","SC 125","SC_125","","0,394953932","2020/01/30","39945"
"Stonecrest","Stonecrest","SC 126","SC_126","","0,394953932","2020/01/30","33293"
"Stonecrest","Stonecrest","SC 127","SC_127","1","0,481590574","2020/01/30","42113"
"Stonecrest","Stonecrest","SC 128","SC_128","1","0,871602972","2020/01/30","71813"
"Stonecrest","Stonecrest","SC 129","SC_129","1","0,434142016","2020/01/30","31279"
"Stonecrest","Stonecrest","SC 130","SC_130","1","0,380473517","2020/01/30","28398"
"Stonecrest","Stonecrest","SC 131A","SC_131A","1","0,373294771","2020/01/30","36753"
"Stonecrest","Stonecrest","SC 132","SC_132","1","0,441345346","2020/01/30","29152"
"Stonecrest","Stonecrest","SC 133","SC_133","","0,434142016","2020/01/30","11805"
"Stonecrest","Stonecrest","SC 134","SC_134","1","0,380473517","2020/01/30","39564"
"Stonecrest","Stonecrest","SC 135 A","SC_135_A","1","0,394953932","2020/01/30","29861"
"Stonecrest","Stonecrest","SC 136","SC_136","1","0,387676847","2020/01/30","21492"
"Stonecrest","Stonecrest","SC 137","SC_137","1","0,474387244","2020/01/30","29268"
"Stonecrest","Stonecrest","SC 138","SC_138","1","0,481590574","2020/01/30","40618"
"Stonecrest","Stonecrest","SC 139","SC_139","1","0,394953932","2020/01/30","38785"
"Stonecrest","Stonecrest","SC 140","SC_140","1","0,394953932","2020/01/30","31872"
"Stonecrest","Stonecrest","SC 141","SC_141","1","0,394953932","2020/01/30","29574"
"Stonecrest","Stonecrest","SC 142","SC_142","1","0,394953932","2020/01/30","31599"
"Stonecrest","Stonecrest","SC 143","SC_143","1","0,488867659","2020/01/30","43369"
"Stonecrest","Stonecrest","SC 144","SC_144","1","0,380473517","2020/01/30","34917"
"Stonecrest","Stonecrest","SC 145","SC_145","","0,448524092","2020/01/30","40339"
"Stonecrest","Stonecrest","SC 146","SC_146","1","0,871602972","2020/01/30","70014"
"Stonecrest","Stonecrest","SC 147","SC_147","1","0,871602972","2020/01/30","55865"
"Stonecrest","Stonecrest","SC 148","SC_148","1","0,878880057","2020/01/30","54694"
"Stonecrest","Stonecrest","SC 149","SC_149","1","0,878880057","2020/01/30","51528"
"Stonecrest","Stonecrest","SC 150","SC_150","1","0,474387244","2020/01/30","31932"
"Stonecrest","Stonecrest","SC 151A","SC_151A","1","0,394953932","2020/01/30","34181"
"Stonecrest","Stonecrest","SC 152","SC_152","1","0,416613092","2020/01/30","20183"
"Stonecrest","Stonecrest","SC 153","SC_153","1","0,380473517","2020/01/30","41649"
"Stonecrest","Stonecrest","SC 154","SC_154","1","0,434142016","2020/01/30","50591"
"Stonecrest","Stonecrest","SC 155","SC_155","1","0,439796507","2020/01/30","31076"
"Stonecrest","Stonecrest","SC 156","SC_156","1","0,380473517","2020/01/30","48582"
"Stonecrest","Stonecrest","SC 157","SC_157","1","0,474387244","2020/01/30","23151"
"Stonecrest","Stonecrest","SC 158","SC_158","","0,394953932","2020/01/30","11822"
"Stonecrest","Stonecrest","SC 159A","SC_159A","1","0,394953932","2020/01/30","31270"
"Stonecrest","Stonecrest","SC 160","SC_160","1","0,394953932","2020/01/30","24873"
"Stonecrest","Stonecrest","SC 161","SC_161","1","0,394953932","2020/01/30","7880"
"Stonecrest","Stonecrest","SC 162A","SC_162A","1","0,474387244","2020/01/30","41334"
"Stonecrest","Stonecrest","SC 163","SC_163","1","0,864399642","2020/01/30","48482"
"Stonecrest","Stonecrest","SC 164","SC_164","1","0,878880057","2020/01/30","76810"
"Stonecrest","Stonecrest","SC 165","SC_165","1","0,871602972","2020/01/30","75413"
"Stonecrest","Stonecrest","SC 166","SC_166","1","0,878880057","2020/01/30","60899"
"Stonecrest","Stonecrest","SC 167A","SC_167A","1","0,878806302","2020/01/30","69071"
"Stonecrest","Stonecrest","SC 168","SC_168","1","0,871602972","2020/01/30","55893"
"Stonecrest","Stonecrest","SC 169A","SC_169A","1","0,864399642","2020/01/30","61029"
"Stonecrest","Stonecrest","SC 170","SC_170","1","0,878880057","2020/01/30","68778"
"Stonecrest","Stonecrest","Bulk 1","Bulk_1","",,"2020/01/30","951079"
"Suncrest","Suncrest","ST 01A","ST_01A","","3,331357935","2023/02/28","57258"
"Suncrest","Suncrest","ST 02","ST_02","","3,331357935","2023/02/28","61290"
"Suncrest","Suncrest","ST 03","ST_03","","3,331357935","2023/02/28","66562"
"Suncrest","Suncrest","ST 04","ST_04","","3,331357935","2023/02/28","53191"
"Suncrest","Suncrest","ST 05A","ST_05A","","3,331357935","2023/02/28","60120"
"Suncrest","Suncrest","ST 06","ST_06","","3,331357935","2023/02/28","95217"
"Suncrest","Suncrest","ST 07","ST_07","","3,331357935","2023/02/28","40641"
"Suncrest","Suncrest","ST 08","ST_08","","3,33728413","2023/02/28","46647"
"Suncrest","Suncrest","ST 09","ST_09","","3,331357935","2023/02/28","62466"
"Suncrest","Suncrest","ST 10","ST_10","","3,331357935","2023/02/28","71782"
"Suncrest","Suncrest","ST 11","ST_11","","3,33728413","2023/02/28","9545"
"Suncrest","Suncrest","ST 12","ST_12","","3,33728413","2023/02/28","51145"
"Suncrest","Suncrest","ST 13A","ST_13A","","3,331357935","2023/02/28","68570"
"Suncrest","Suncrest","ST 14","ST_14","","3,33728413","2023/02/28","6574"
"Suncrest","Suncrest","ST 15A","ST_15A","","3,33728413","2023/02/28","40085"
"Suncrest","Suncrest","ST 16","ST_16","","3,33728413","2023/02/28","60788"
"Suncrest","Suncrest","ST 17B","ST_17B","","3,33728413","2023/02/28","53705"
"Suncrest","Suncrest","ST 18","ST_18","","3,331357935","2023/02/28","72710"
"Suncrest","Suncrest","ST 19A","ST_19A","","3,33728413","2023/02/28","42332"
"Suncrest","Suncrest","ST 20A","ST_20A","","3,33728413","2023/02/28","69592"
"Suncrest","Suncrest","ST 21","ST_21","","3,331357935","2023/02/28","67796"
"Suncrest","Suncrest","ST 22","ST_22","","3,331357935","2023/02/28","58869"
"Suncrest","Suncrest","ST 23A","ST_23A","","3,33728413","2023/02/28","47744"
"Suncrest","Suncrest","ST 24","ST_24","","3,331357935","2023/02/28","52956"
"Suncrest","Suncrest","ST 25A","ST_25A","","3,331357935","2023/02/28","53076"
"Suncrest","Suncrest","ST 26","ST_26","","3,331357935","2023/02/28","71835"
"Suncrest","Suncrest","ST 27","ST_27","","3,331357935","2023/02/28","49643"
"Suncrest","Suncrest","ST 28","ST_28","","3,331357935","2023/02/28","64502"
"Suncrest","Suncrest","ST 29","ST_29","","3,331357935","2023/02/28","51154"
"Suncrest","Suncrest","ST 30A","ST_30A","","3,331357935","2023/02/28","55217"
"Suncrest","Suncrest","Bulk 1","Bulk_1","",,"2023/02/28","816771"
"Taragona","Taragona","TG 01","TG_01","","4,0934","#########","16602"
"Taragona","Taragona","TG 02","TG_02","","3,3153","#########","2540"
"Taragona","Taragona","TG 03A","TG_03A","","3,3153","#########","27137"
"Taragona","Taragona","TG 04A","TG_04A","","3,3153","#########","679"
"Taragona","Taragona","TG 05A","TG_05A","","3,3153","#########","3860"
"Taragona","Taragona","TG 06A","TG_06A","","3,3153","#########","67832"
"Taragona","Taragona","TG 07A","TG_07A","","3,3153","#########","43438"
"Taragona","Taragona","TG 08","TG_08","","3,3153","#########","87861"
"Taragona","Taragona","TG 09","TG_09","","3,3153","#########","91703"
"Taragona","Taragona","TG 10A","TG_10A","","3,3153","#########","18019"
"Taragona","Taragona","TG 11","TG_11","","3,3153","#########","40503"
"Taragona","Taragona","TG 12","TG_12","","3,3153","#########","80686"
"Taragona","Taragona","TG 13A","TG_13A","","4,8376","#########","96901"
"Taragona","Taragona","TG 14","TG_14","","1,8945","#########","44570"
"Taragona","Taragona","TG 15","TG_15","","1,5223","#########","33388"
"Taragona","Taragona","TG 16A","TG_16A","","2,0298","#########","80765"
"Taragona","Taragona","TG 17A","TG_17A","","2,5034","#########","97859"
"Taragona","Taragona","TG 18A","TG_18A","","2,0298","#########","77674"
"Taragona","Taragona","TG 19A","TG_19A","","2,5034","#########","25307"
"Taragona","Taragona","TG 20","TG_20","","2,0298","#########","10706"
"Taragona","Taragona","TG 21A","TG_21A","","2,5034","#########","66119"
"Taragona","Taragona","TG 22A","TG_22A","","1,5223","#########","31222"
"Taragona","Taragona","TG 23","TG_23","","2,4357","#########","89995"
"Taragona","Taragona","TG 24","TG_24","","4,7361","#########","50274"
"Taragona","Taragona","TG 25","TG_25","","3,3491","#########","41107"
"Taragona","Taragona","TG 26B","TG_26B","","3,3491","#########","464342"
"Taragona","Taragona","TG 27","TG_27","","3,3491","#########","32001"
"Taragona","Taragona","TG 28","TG_28","","3,3491","#########","39774"
"Taragona","Taragona","TG 29","TG_29","","4,8038","#########","27177"
"Taragona","Taragona","TG 30","TG_30","","2,1651","#########","31709"
"Taragona","Taragona","TG 31","TG_31","","2,0636","#########","52225"
"Taragona","Taragona","TG 32","TG_32","","2,5372","#########","90119"
"Taragona","Taragona","TG 33A","TG_33A","","1,5223","#########","1504"
"Taragona","Taragona","TG 34A","TG_34A","","2,4019","#########","66158"
"Taragona","Taragona","Com B/Room","Com_B_Room","","0","#########","86894"
"Taragona","Taragona","** TG36 (Unit5) R1","TG36_Unit5_R1","","0","#########","11464"
"Taragona","Taragona","** TG35 Gardner R2","TG35_Gardner_R2","","0","#########","49288"
"Taragona","Taragona","** TG39 R3","TG39_R3","","0","#########","7960"
"Taragona","Taragona","** TG38 (unit7) R4","TG38_unit7_R4","","0","#########","10339"
"Transvalia","Transvalia","TV01","TV01","","1","2020/12/31","0"
"Transvalia","Transvalia","TV02A","TV02A","","1","2020/12/31","0"
"Transvalia","Transvalia","TV03","TV03","","1","2020/12/31","0"
"Transvalia","Transvalia","TV04A","TV04A","","1","2020/12/31","0"
"Transvalia","Transvalia","TV05","TV05","","1","2020/12/31","0"
"Transvalia","Transvalia","TV06","TV06","","1","2020/12/31","0"
"Transvalia","Transvalia","TV07","TV07","","1","2020/12/31","0"
"Transvalia","Transvalia","TV08A","TV08A","","1","2020/12/31","0"
"Transvalia","Transvalia","TV09","TV09","","1","2020/12/31","0"
"Transvalia","Transvalia","TV10A","TV10A","","1","2020/12/31","0"
"Transvalia","Transvalia","TV11","TV11","","1","2020/12/31","0"
"Transvalia","Transvalia","TV12","TV12","","1","2020/12/31","0"
"Transvalia","Transvalia","TV13","TV13","","1","2020/12/31","0"
"Transvalia","Transvalia","TV14","TV14","","1","2020/12/31","0"
"Transvalia","Transvalia","TV15","TV15","","1","2020/12/31","0"
"Transvalia","Transvalia","TV16","TV16","","1","2020/12/31","0"
"Transvalia","Transvalia","TV17A","TV17A","","1","2020/12/31","0"
"Transvalia","Transvalia","TV18","TV18","","1","2020/12/31","0"
"Transvalia","Transvalia","TV19","TV19","","1","2020/12/31","0"
"Transvalia","Transvalia","TV20","TV20","","1","2020/12/31","0"
"Transvalia","Transvalia","BULK01","BULK01","",,"2020/12/31","0"
